user_id,date_lead_generated,lead_source,CPC
2824,2023-09-24,Google Ads,1.8
9928,2023-04-14,Meta Ads,1.74
6635,2023-09-27,Meta Ads,1.04
5741,2023-10-09,Email,0.37
4598,2024-01-20,Message,0.75
6947,2023-10-04,Google Ads,0.86
2790,2023-12-14,Meta Ads,1.01
4566,2023-09-25,Email,0.36
5915,2023-09-04,Google Ads,1.39
8179,2023-12-30,Meta Ads,1.5
4335,2023-09-27,Google Ads,1.45
1653,2023-08-15,Google Ads,0.69
2771,2024-01-24,Google Ads,1.94
4114,2023-12-07,Email,0.25
9486,2024-02-05,Email,0.21
8777,2023-07-13,Message,0.79
3503,2024-01-13,Email,0.48
2419,2023-12-21,Message,0.85
9779,2023-05-25,Google Ads,1.58
2213,2023-11-03,Email,0.21
2169,2023-05-05,Google Ads,0.87
8078,2024-06-13,Meta Ads,0.73
8700,2023-04-30,Meta Ads,1.32
8941,2024-01-09,Google Ads,0.74
7798,2024-02-02,Meta Ads,1.33
4090,2024-02-16,Meta Ads,0.98
7484,2023-10-22,Email,0.26
5210,2023-07-11,Google Ads,0.54
5295,2024-02-08,Google Ads,1.19
8285,2023-10-26,Message,0.57
8030,2023-06-30,Meta Ads,0.66
1502,2023-12-28,Meta Ads,0.99
1932,2023-10-12,Google Ads,1.49
6543,2023-12-07,Email,0.11
3953,2024-04-04,Message,0.53
3147,2024-03-22,Google Ads,0.53
2337,2023-04-15,Email,0.31
7077,2024-02-14,Email,0.35
5757,2024-02-24,Email,0.3
5105,2023-07-01,Email,0.5
5336,2023-12-19,Email,0.15
5333,2024-02-02,Message,0.94
2946,2023-06-11,Meta Ads,1.3
1272,2024-02-03,Message,0.52
4968,2024-04-04,Email,0.46
8837,2023-05-11,Meta Ads,1.17
5876,2024-05-09,Google Ads,0.61
2294,2023-02-08,Message,0.82
9700,2024-01-07,Message,0.63
2465,2023-08-23,Message,0.97
3303,2023-05-22,Google Ads,0.9
8714,2024-02-29,Meta Ads,1.42
6049,2023-02-03,Meta Ads,1.95
6224,2024-04-11,Google Ads,1.34
7244,2023-12-04,Meta Ads,1.89
5177,2023-05-22,Message,0.77
9401,2023-06-21,Google Ads,1.5
2217,2023-10-11,Email,0.48
5379,2023-04-08,Meta Ads,1.68
3390,2023-10-06,Meta Ads,0.59
7703,2024-03-08,Meta Ads,0.93
7431,2023-07-11,Google Ads,1.99
8939,2023-06-13,Email,0.45
5055,2024-03-26,Message,0.62
4390,2024-02-20,Email,0.32
2525,2024-03-04,Google Ads,1.41
9105,2023-09-30,Email,0.4
1011,2023-10-24,Meta Ads,1.33
2559,2023-08-07,Message,0.84
5902,2023-03-02,Email,0.4
5842,2023-12-10,Meta Ads,0.7
7590,2023-12-30,Google Ads,1.49
4909,2023-09-04,Google Ads,0.87
6241,2023-08-30,Meta Ads,0.6
5777,2024-05-15,Email,0.27
9515,2024-01-22,Meta Ads,1.76
7660,2023-11-30,Google Ads,1.36
8096,2023-08-14,Message,0.92
3235,2024-02-12,Meta Ads,1.02
7415,2024-01-15,Message,0.55
7783,2023-06-01,Google Ads,1.66
3787,2023-04-02,Meta Ads,0.71
6424,2023-03-16,Meta Ads,1.93
2435,2023-08-26,Google Ads,1.79
1568,2024-02-25,Meta Ads,1.05
9561,2023-09-22,Google Ads,0.92
1331,2024-03-19,Google Ads,0.68
9462,2024-04-20,Google Ads,0.65
7628,2023-06-03,Google Ads,1.83
8598,2023-03-13,Meta Ads,0.53
7112,2023-07-15,Email,0.5
1749,2023-11-06,Google Ads,1.38
8772,2023-12-11,Message,0.67
9154,2023-07-05,Google Ads,0.94
3571,2024-01-18,Email,0.14
2291,2024-05-22,Message,0.53
4122,2023-12-18,Google Ads,1.67
3903,2023-07-18,Meta Ads,1.23
7839,2023-11-21,Email,0.15
6122,2024-03-17,Meta Ads,1.06
9418,2023-10-21,Email,0.36
9468,2024-02-09,Email,0.33
7678,2023-07-11,Email,0.14
8170,2023-07-02,Google Ads,1.81
1082,2023-12-04,Meta Ads,1.43
2143,2024-01-10,Meta Ads,1.87
1305,2023-11-25,Message,0.58
6985,2023-07-16,Meta Ads,1.23
1706,2024-03-20,Email,0.46
4548,2024-02-18,Email,0.14
7544,2023-12-06,Email,0.46
4187,2023-12-23,Email,0.16
9776,2023-06-24,Meta Ads,1.04
4965,2023-10-18,Meta Ads,1.26
5501,2023-08-02,Meta Ads,1.55
1137,2023-08-11,Meta Ads,1.94
7866,2024-02-29,Email,0.22
5655,2024-03-14,Email,0.13
3900,2023-08-01,Message,0.52
7753,2023-09-07,Meta Ads,0.71
2121,2023-09-02,Google Ads,1.75
8183,2023-07-06,Message,0.86
6113,2023-06-14,Meta Ads,1.34
5075,2024-01-08,Message,0.81
1807,2023-05-02,Google Ads,1.95
8046,2023-05-09,Google Ads,1.74
4825,2023-07-30,Google Ads,1.31
5444,2023-06-25,Google Ads,0.62
3384,2023-09-18,Google Ads,0.98
7767,2023-10-20,Google Ads,0.65
7232,2023-11-13,Meta Ads,1.21
9456,2023-08-11,Google Ads,1.88
1531,2024-02-12,Email,0.21
6901,2023-11-10,Google Ads,0.62
9666,2024-02-12,Email,0.22
4812,2023-09-09,Meta Ads,0.79
5467,2023-10-23,Meta Ads,1.55
5227,2023-07-23,Google Ads,1.43
8063,2023-04-04,Message,0.5
7648,2023-11-30,Meta Ads,1.88
6885,2023-10-19,Message,0.56
6902,2023-09-16,Meta Ads,1.48
7813,2024-01-07,Email,0.5
4878,2023-08-02,Email,0.14
5827,2023-06-01,Email,0.46
2259,2023-08-09,Google Ads,1.33
9640,2023-07-21,Message,0.93
8353,2023-07-19,Meta Ads,1.18
7408,2023-09-17,Meta Ads,0.77
2148,2024-01-18,Google Ads,1.33
7801,2023-07-31,Meta Ads,1.25
7759,2023-07-04,Meta Ads,0.68
5994,2024-03-28,Message,0.63
3161,2024-02-15,Meta Ads,1.46
3514,2023-10-14,Meta Ads,1.01
4197,2023-12-01,Message,0.88
8278,2023-07-05,Google Ads,1.22
7708,2023-10-19,Google Ads,1.3
8593,2023-11-25,Email,0.24
2251,2023-10-17,Google Ads,1.79
6698,2023-07-02,Email,0.23
6149,2023-06-30,Meta Ads,0.85
7672,2024-03-04,Google Ads,0.83
3764,2023-09-28,Message,0.92
2234,2023-09-05,Message,0.81
2256,2023-07-31,Email,0.15
8656,2024-01-08,Meta Ads,0.75
1606,2023-11-26,Meta Ads,0.76
6134,2023-11-26,Google Ads,1.39
3625,2023-07-11,Email,0.14
8682,2024-01-12,Meta Ads,1.27
3703,2023-05-16,Google Ads,1.73
8653,2024-01-20,Email,0.34
2998,2023-07-06,Message,0.54
1797,2023-02-04,Google Ads,0.77
7358,2023-09-30,Google Ads,1.52
5151,2023-12-25,Google Ads,1.04
8371,2023-09-18,Google Ads,1.96
6681,2024-03-11,Google Ads,1.97
9089,2023-11-12,Meta Ads,1.54
8968,2023-12-01,Message,0.77
3736,2023-05-22,Google Ads,1.89
1947,2024-03-17,Meta Ads,0.68
8244,2024-02-13,Message,0.9
9622,2024-03-03,Email,0.16
9408,2023-03-24,Message,0.9
3511,2023-05-21,Email,0.48
9235,2024-01-24,Email,0.15
9052,2023-08-23,Google Ads,1.73
5187,2023-06-28,Meta Ads,1.09
9199,2023-05-15,Meta Ads,0.58
1156,2024-02-15,Email,0.34
1602,2023-05-09,Message,0.82
1849,2023-02-24,Email,0.14
1393,2024-03-13,Google Ads,0.66
7581,2023-07-05,Message,0.83
1201,2023-03-23,Message,0.63
1894,2023-11-17,Email,0.36
3658,2023-10-05,Message,0.6
2818,2023-07-04,Google Ads,1.96
5496,2023-05-16,Google Ads,1.21
8773,2023-10-16,Email,0.26
1640,2023-09-15,Google Ads,1.67
8606,2023-03-08,Message,0.68
4305,2023-06-21,Google Ads,1.13
9396,2023-09-25,Message,0.68
1196,2024-04-20,Message,0.93
4808,2023-06-18,Email,0.48
1885,2023-11-08,Email,0.39
3318,2023-05-06,Meta Ads,0.68
5079,2023-12-11,Meta Ads,0.68
8688,2024-03-09,Google Ads,1.64
3660,2023-10-09,Google Ads,0.59
5143,2024-02-16,Message,0.7
1025,2023-06-09,Message,0.77
1966,2023-08-05,Google Ads,0.66
2651,2023-09-04,Meta Ads,1.54
6521,2023-12-15,Google Ads,1.22
5072,2023-10-30,Google Ads,0.93
6452,2023-04-09,Message,0.94
6237,2023-11-28,Meta Ads,1.82
3389,2023-07-11,Meta Ads,1.18
8292,2023-09-19,Message,0.86
6127,2023-06-18,Message,0.64
4156,2023-10-19,Email,0.29
7664,2023-07-26,Google Ads,1.32
6716,2023-09-30,Message,0.83
9074,2024-06-18,Google Ads,1.44
9652,2023-10-05,Message,0.85
5092,2023-07-28,Google Ads,0.98
8542,2024-03-20,Email,0.18
4251,2023-10-05,Google Ads,1.16
7370,2023-09-23,Meta Ads,1.57
6269,2023-06-21,Message,0.69
5521,2024-04-13,Email,0.16
4309,2023-12-14,Google Ads,1.14
9255,2023-07-02,Meta Ads,1.51
4015,2023-04-27,Message,0.96
3427,2024-03-05,Google Ads,0.79
4341,2024-06-16,Email,0.16
2684,2024-03-09,Meta Ads,1.77
7303,2024-06-06,Meta Ads,1.52
2389,2024-02-14,Email,0.33
3435,2023-08-02,Meta Ads,1.5
3283,2024-04-15,Google Ads,1.43
9222,2024-01-29,Message,0.8
6056,2024-01-08,Message,0.7
2428,2023-10-21,Google Ads,1.61
1130,2024-06-19,Message,0.93
7230,2023-08-04,Email,0.2
2338,2024-02-15,Meta Ads,1.62
8890,2024-01-15,Google Ads,0.66
3416,2023-09-21,Google Ads,1.65
4541,2023-09-16,Meta Ads,0.93
6770,2023-09-12,Google Ads,1.02
5384,2023-11-20,Email,0.14
3138,2023-11-25,Message,0.8
2506,2024-03-14,Email,0.18
8992,2023-10-19,Google Ads,1.93
6268,2023-08-07,Google Ads,1.17
1076,2023-07-13,Message,0.69
6665,2023-06-08,Email,0.25
7218,2024-01-21,Google Ads,1.29
7931,2023-10-16,Meta Ads,1.56
9698,2023-06-13,Email,0.11
4597,2024-03-04,Google Ads,1.52
8458,2024-04-21,Message,0.55
9940,2023-10-11,Message,0.97
3410,2023-08-02,Email,0.36
3022,2023-05-11,Message,0.89
4223,2024-03-10,Message,0.55
9627,2024-01-17,Google Ads,1.54
3535,2023-05-19,Message,0.95
9287,2023-06-11,Message,0.82
8488,2024-04-12,Meta Ads,0.76
9653,2023-07-29,Meta Ads,1.64
6146,2023-12-12,Email,0.36
3246,2024-01-27,Message,0.96
5428,2023-05-11,Message,0.98
1935,2023-12-20,Meta Ads,0.85
6259,2024-02-18,Email,0.33
8216,2023-12-10,Google Ads,1.19
4882,2023-09-29,Google Ads,1.47
2285,2024-01-21,Email,0.36
2196,2024-02-15,Meta Ads,0.66
1687,2024-04-06,Email,0.36
2908,2023-07-27,Google Ads,1.03
1583,2023-08-10,Meta Ads,0.67
9039,2023-12-14,Message,0.94
6694,2023-09-01,Google Ads,1.7
8240,2023-11-17,Message,0.86
1326,2023-06-30,Email,0.46
1397,2023-12-20,Google Ads,1.22
9575,2023-10-25,Google Ads,1.82
6128,2023-05-07,Message,0.81
4703,2023-05-08,Email,0.14
6991,2023-09-16,Google Ads,0.88
2928,2023-07-17,Message,0.75
5042,2023-06-29,Meta Ads,1.77
4084,2023-06-19,Message,0.51
5138,2024-03-02,Email,0.21
9586,2023-08-19,Message,0.53
4024,2023-12-22,Google Ads,1.57
3918,2023-09-14,Google Ads,1.68
2521,2024-01-28,Google Ads,0.77
5615,2023-11-19,Meta Ads,0.57
5877,2023-12-12,Email,0.47
5947,2023-08-13,Meta Ads,1.6
1205,2023-08-03,Google Ads,1
6767,2023-11-26,Meta Ads,0.87
1054,2024-06-27,Google Ads,0.81
6942,2023-12-18,Message,0.93
3430,2023-06-20,Meta Ads,0.87
4996,2023-09-29,Meta Ads,0.95
4522,2023-10-27,Meta Ads,1.74
6384,2023-12-11,Message,0.67
9348,2023-07-19,Meta Ads,1.36
5413,2023-06-06,Google Ads,1.47
8210,2024-01-17,Message,0.83
5522,2023-10-24,Google Ads,0.64
6371,2023-06-04,Google Ads,0.58
5243,2023-10-27,Message,0.79
8060,2023-08-26,Email,0.34
3905,2023-10-19,Google Ads,1.96
1491,2023-06-06,Google Ads,1.33
5208,2024-01-23,Google Ads,0.85
2724,2024-05-09,Meta Ads,1.45
7988,2024-04-06,Email,0.31
3230,2024-01-23,Email,0.35
4972,2023-11-13,Message,0.75
5185,2023-05-09,Meta Ads,1.31
9966,2024-04-05,Message,0.58
5853,2023-03-12,Meta Ads,0.67
4587,2023-07-19,Message,0.88
8146,2023-11-15,Google Ads,0.89
9041,2024-01-17,Meta Ads,0.96
9109,2023-03-10,Message,0.89
8051,2024-03-31,Google Ads,0.91
1969,2023-06-02,Email,0.43
2765,2024-02-25,Meta Ads,1.16
2072,2023-08-12,Meta Ads,1.19
7306,2023-09-01,Meta Ads,0.92
7479,2024-03-12,Message,0.62
6503,2023-10-07,Meta Ads,1.37
7716,2023-12-17,Google Ads,1.21
6782,2023-10-18,Message,0.56
3567,2023-10-03,Google Ads,1.13
8693,2023-12-06,Google Ads,1.02
6937,2023-12-26,Meta Ads,1.93
4229,2023-07-07,Message,0.62
5591,2023-07-03,Email,0.41
1514,2023-08-16,Meta Ads,0.67
9398,2024-02-04,Email,0.31
6220,2023-04-23,Google Ads,1.52
8549,2023-09-17,Message,0.79
4239,2023-08-17,Meta Ads,1.55
6922,2023-04-16,Meta Ads,0.53
6781,2023-03-10,Google Ads,1.45
3474,2024-01-02,Message,0.9
7062,2023-11-21,Meta Ads,1.17
4193,2023-11-14,Google Ads,1.28
8276,2024-02-05,Google Ads,1.92
1915,2023-02-27,Google Ads,0.94
6629,2023-10-05,Email,0.47
2113,2023-11-11,Google Ads,0.74
4368,2023-03-31,Google Ads,1.4
3964,2024-05-07,Meta Ads,0.84
1819,2024-03-10,Email,0.33
5873,2023-04-23,Google Ads,1.6
8859,2023-06-09,Message,0.84
1399,2024-01-11,Message,0.53
9922,2024-01-27,Message,0.68
3418,2023-10-25,Meta Ads,0.7
3698,2024-03-31,Google Ads,1.64
6751,2023-09-01,Email,0.18
6527,2023-02-27,Google Ads,0.78
6429,2023-05-23,Email,0.34
9083,2024-04-05,Google Ads,1.05
8044,2023-04-23,Email,0.27
5969,2024-03-25,Google Ads,0.98
3382,2024-01-13,Meta Ads,1.98
7465,2024-01-16,Google Ads,1.44
8090,2023-08-07,Google Ads,0.86
8521,2023-09-24,Google Ads,1.57
5370,2023-06-13,Meta Ads,0.74
5419,2023-10-14,Email,0.48
4393,2023-06-24,Meta Ads,1.96
8141,2024-04-17,Meta Ads,1.37
3331,2023-09-20,Message,0.67
7333,2024-02-03,Message,0.85
4216,2023-12-18,Email,0.35
5180,2024-02-04,Google Ads,1.53
5228,2023-08-16,Google Ads,1.08
7630,2024-01-21,Meta Ads,0.84
7869,2023-05-05,Meta Ads,0.86
9058,2023-08-05,Meta Ads,1.31
9619,2024-02-11,Google Ads,1.57
7402,2024-02-01,Message,0.68
1151,2023-12-15,Email,0.31
8453,2024-03-14,Meta Ads,1.7
5424,2024-03-11,Email,0.26
1532,2023-10-10,Meta Ads,1.08
5408,2023-08-14,Meta Ads,1.17
5056,2023-09-14,Google Ads,1.7
8099,2024-02-14,Message,0.81
2069,2024-02-09,Meta Ads,0.95
4069,2023-08-28,Google Ads,0.86
8370,2024-04-19,Google Ads,1.21
9020,2023-10-20,Google Ads,1.09
3215,2023-10-31,Google Ads,0.59
1800,2024-03-22,Meta Ads,1.56
1278,2023-12-12,Email,0.38
5237,2024-01-16,Meta Ads,1.83
3799,2024-02-19,Email,0.41
7392,2023-07-21,Meta Ads,0.62
7736,2023-12-25,Email,0.1
6569,2024-03-01,Meta Ads,1.49
2961,2023-05-26,Google Ads,0.93
2448,2023-12-21,Email,0.42
8330,2023-10-14,Email,0.43
1286,2023-07-12,Google Ads,1.72
2198,2023-08-09,Email,0.31
1781,2024-05-27,Email,0.13
1805,2023-12-05,Meta Ads,1.87
5098,2024-01-26,Google Ads,1.37
6997,2023-10-25,Meta Ads,0.95
8482,2023-12-23,Google Ads,0.63
4890,2024-03-25,Email,0.5
5396,2023-11-16,Meta Ads,1.2
6444,2024-01-30,Email,0.3
4638,2023-12-03,Meta Ads,1.33
1535,2024-02-21,Meta Ads,1.91
8256,2024-05-20,Google Ads,0.71
3001,2023-06-05,Email,0.37
8320,2023-10-29,Message,0.58
9010,2023-02-28,Message,0.84
5949,2024-02-02,Google Ads,1.77
7597,2023-09-14,Message,0.55
4414,2024-02-01,Google Ads,1.44
6351,2024-03-08,Google Ads,1.82
3135,2023-05-17,Message,0.56
8259,2023-05-28,Meta Ads,1.59
3598,2023-09-03,Email,0.35
8200,2023-03-06,Message,0.55
5303,2023-10-18,Google Ads,1.75
2631,2024-04-09,Message,0.74
8281,2023-11-28,Meta Ads,0.7
8393,2023-06-24,Email,0.21
7938,2023-09-16,Google Ads,1.94
1190,2023-12-16,Google Ads,0.77
5067,2024-02-14,Meta Ads,1.59
1717,2024-01-15,Message,0.66
5482,2023-08-30,Google Ads,1.24
3383,2024-03-11,Meta Ads,1.41
8827,2023-08-24,Email,0.5
6966,2024-01-11,Google Ads,1.67
4019,2023-05-31,Google Ads,1.01
8404,2024-02-23,Email,0.17
1876,2024-02-25,Email,0.44
1193,2023-07-14,Google Ads,1.77
6251,2024-07-05,Google Ads,1.82
9432,2023-07-29,Email,0.5
7388,2023-05-03,Google Ads,0.54
8024,2023-03-15,Google Ads,1.26
2288,2023-09-15,Meta Ads,1.23
3665,2023-07-31,Message,0.82
8002,2024-03-24,Meta Ads,0.82
1831,2024-04-27,Message,0.9
4542,2023-05-04,Email,0.21
9892,2023-07-20,Meta Ads,1.67
4958,2023-10-22,Email,0.21
7176,2024-01-06,Message,0.68
1523,2023-09-18,Meta Ads,1.55
4603,2023-06-29,Message,0.81
1404,2023-11-02,Email,0.33
2336,2023-09-05,Email,0.42
1884,2023-10-09,Message,0.71
9159,2023-04-18,Email,0.14
1477,2023-10-01,Google Ads,1.02
7011,2023-10-19,Email,0.49
5173,2023-07-15,Message,0.61
4109,2024-01-14,Meta Ads,1.73
2661,2024-03-04,Google Ads,1.76
6293,2023-06-14,Meta Ads,0.61
5684,2023-09-11,Meta Ads,1.43
7760,2024-04-16,Email,0.26
7732,2023-08-15,Message,0.52
4716,2023-10-08,Message,0.64
9311,2024-01-30,Google Ads,0.6
4275,2023-09-21,Meta Ads,1.57
6986,2024-05-23,Email,0.31
1986,2023-07-18,Message,0.75
7029,2024-04-24,Meta Ads,0.62
5234,2023-10-21,Google Ads,0.65
6906,2024-02-02,Meta Ads,1.16
3223,2024-03-20,Email,0.46
2766,2023-08-30,Google Ads,0.79
7993,2023-07-19,Meta Ads,0.93
4551,2024-01-18,Google Ads,0.87
9332,2023-12-27,Message,0.96
7725,2023-04-05,Message,0.92
5246,2023-03-22,Google Ads,1.54
2371,2024-06-01,Google Ads,1.26
8871,2023-11-15,Google Ads,1.3
1343,2023-01-24,Meta Ads,1.53
3940,2023-12-15,Meta Ads,1.86
2364,2023-08-05,Email,0.25
2736,2023-03-22,Google Ads,1.3
6830,2024-01-03,Google Ads,1.29
8826,2023-11-19,Email,0.24
8870,2024-03-29,Google Ads,0.52
5709,2023-04-29,Meta Ads,1.04
5435,2023-06-07,Google Ads,1.49
8726,2023-07-21,Meta Ads,1.23
1613,2023-07-08,Google Ads,0.57
2025,2023-07-05,Meta Ads,1.02
2212,2023-09-11,Google Ads,1.12
4621,2023-01-28,Google Ads,1.56
9726,2023-06-08,Email,0.36
1999,2023-07-08,Google Ads,1.11
4964,2024-03-25,Email,0.41
8486,2023-06-12,Google Ads,0.56
2717,2023-12-15,Google Ads,1.99
5439,2023-11-26,Meta Ads,1.72
6071,2023-06-07,Message,0.74
8705,2023-04-22,Google Ads,0.78
9416,2023-12-08,Google Ads,0.67
2451,2024-03-20,Meta Ads,1.4
7607,2023-06-30,Meta Ads,0.73
9101,2024-03-01,Message,0.61
9410,2024-03-02,Email,0.48
7691,2023-08-24,Meta Ads,1.53
3049,2024-02-26,Meta Ads,1.05
7864,2024-03-10,Meta Ads,1.31
5251,2024-04-03,Message,0.72
6924,2024-04-29,Meta Ads,1.83
2656,2023-06-18,Meta Ads,0.56
5710,2024-01-29,Google Ads,0.96
7577,2023-05-15,Email,0.31
6974,2023-11-16,Google Ads,1.68
1921,2024-01-10,Message,0.89
8735,2023-12-11,Message,0.61
7661,2023-09-18,Meta Ads,1.43
6398,2023-04-13,Meta Ads,1.38
7280,2023-03-01,Google Ads,0.9
9192,2024-03-08,Google Ads,1.36
5857,2024-04-03,Email,0.12
4046,2023-12-13,Meta Ads,1.83
3266,2024-01-07,Email,0.34
7070,2023-06-13,Google Ads,0.82
8812,2023-10-11,Google Ads,1.75
9057,2024-06-15,Google Ads,1
7515,2023-06-11,Google Ads,1.19
5976,2024-03-31,Meta Ads,0.96
9883,2023-04-06,Message,0.87
5023,2023-05-06,Message,0.84
5414,2023-10-19,Google Ads,1.62
3324,2023-03-15,Message,0.7
8552,2023-06-25,Google Ads,1.78
8915,2023-09-04,Email,0.21
3828,2024-02-16,Message,0.84
2526,2024-01-07,Meta Ads,1.19
7362,2023-06-26,Meta Ads,1.14
8018,2023-07-05,Google Ads,1.96
6159,2023-08-04,Google Ads,1
4374,2023-10-08,Email,0.31
3521,2023-04-21,Google Ads,1.59
2103,2023-07-19,Google Ads,0.95
2395,2023-06-08,Google Ads,1.99
6728,2023-04-04,Google Ads,1.77
5886,2024-02-02,Meta Ads,0.84
6164,2023-07-15,Google Ads,0.99
6992,2024-07-14,Email,0.29
4385,2023-11-17,Meta Ads,1.88
2040,2023-08-03,Message,0.8
6396,2024-02-24,Google Ads,1.77
7881,2023-09-17,Meta Ads,1.41
6982,2023-10-13,Email,0.4
2013,2023-09-17,Meta Ads,0.75
6240,2023-09-12,Google Ads,0.52
5003,2023-09-04,Meta Ads,0.76
3183,2023-07-07,Message,0.61
1061,2023-06-18,Google Ads,0.87
7010,2024-05-02,Email,0.4
5298,2023-06-04,Google Ads,1.66
9291,2023-06-27,Meta Ads,1.88
2652,2023-02-06,Google Ads,1.38
2199,2023-10-16,Email,0.17
8554,2023-11-29,Email,0.23
7298,2024-01-19,Meta Ads,1.33
5412,2024-01-25,Email,0.26
3305,2023-07-22,Google Ads,1.61
1794,2023-11-22,Google Ads,1.57
3607,2023-04-23,Message,0.52
4735,2023-07-09,Google Ads,0.77
1951,2024-02-20,Meta Ads,1.56
9847,2023-08-02,Google Ads,1.3
4595,2023-04-21,Meta Ads,1.84
6372,2023-09-20,Meta Ads,0.82
6098,2023-08-31,Meta Ads,1.43
7447,2023-11-11,Email,0.41
5374,2024-03-01,Email,0.33
8091,2023-05-15,Google Ads,1.66
4954,2024-04-24,Google Ads,1.05
7780,2024-04-13,Google Ads,0.55
4420,2023-08-20,Meta Ads,1.84
1440,2023-12-20,Email,0.45
5035,2023-06-03,Google Ads,1.4
4951,2023-11-16,Google Ads,1.65
1866,2023-06-27,Google Ads,1.82
9228,2023-07-11,Meta Ads,1.66
9470,2023-10-21,Google Ads,1.91
7623,2023-07-05,Email,0.41
7624,2023-08-09,Message,0.53
8536,2023-05-16,Message,0.54
7717,2023-07-07,Email,0.41
1540,2024-02-03,Message,0.95
4432,2023-12-08,Email,0.16
9976,2023-12-12,Google Ads,1.89
5520,2023-07-18,Meta Ads,1.79
7584,2023-09-14,Google Ads,1.8
7271,2023-04-24,Message,0.71
2511,2024-02-09,Message,0.54
1408,2023-12-07,Email,0.34
3510,2023-12-02,Google Ads,0.82
4529,2023-06-23,Meta Ads,1.15
4697,2024-01-19,Meta Ads,0.81
5844,2024-01-10,Email,0.17
6828,2023-04-09,Message,0.9
6176,2023-07-09,Meta Ads,0.92
5718,2024-04-06,Email,0.36
1888,2023-12-21,Meta Ads,1.89
8161,2024-01-12,Google Ads,0.61
7668,2024-02-15,Message,0.51
9898,2024-03-13,Meta Ads,0.57
5148,2023-12-02,Google Ads,1.13
8385,2023-10-01,Message,0.61
1682,2023-08-22,Meta Ads,0.73
8896,2023-04-23,Message,0.61
1787,2023-08-12,Message,0.6
5612,2023-04-21,Meta Ads,1.47
6857,2023-11-05,Email,0.26
2739,2024-02-26,Message,0.64
1403,2023-07-18,Message,0.72
5860,2023-01-24,Google Ads,0.77
8548,2023-10-29,Email,0.38
6006,2024-01-28,Google Ads,1.14
4025,2023-08-28,Email,0.47
7846,2024-03-02,Message,0.6
5216,2023-12-20,Google Ads,1.36
2047,2023-11-28,Message,0.68
8926,2023-09-29,Meta Ads,1.34
2366,2023-09-07,Google Ads,1.44
3909,2023-12-31,Meta Ads,0.81
4892,2023-05-18,Email,0.26
1379,2023-08-26,Google Ads,0.61
7238,2023-11-18,Message,0.88
4546,2023-09-22,Message,0.75
9615,2023-11-03,Google Ads,0.98
2551,2023-05-28,Message,0.93
4461,2023-09-14,Google Ads,1.73
4840,2023-09-02,Google Ads,0.87
5461,2023-07-16,Meta Ads,0.98
9880,2023-11-16,Email,0.26
2522,2024-01-25,Meta Ads,0.79
5812,2023-10-11,Google Ads,0.82
2488,2023-08-17,Meta Ads,1.71
6096,2024-01-05,Message,0.76
6930,2023-08-22,Meta Ads,1.89
6691,2023-09-13,Message,0.5
7633,2023-09-21,Meta Ads,1.57
6490,2023-12-06,Meta Ads,0.59
9231,2024-02-21,Meta Ads,0.53
4281,2023-03-21,Google Ads,0.65
3688,2023-06-15,Message,0.68
1948,2023-12-08,Google Ads,1.12
4165,2023-07-30,Google Ads,0.6
1964,2023-12-24,Email,0.25
2344,2023-11-12,Meta Ads,0.57
7539,2023-06-05,Meta Ads,0.83
2536,2023-10-15,Message,0.52
1922,2023-09-25,Message,0.72
8493,2023-08-27,Google Ads,1.05
5394,2023-11-07,Email,0.18
9871,2024-03-25,Google Ads,1.58
9292,2023-07-09,Meta Ads,0.62
5897,2023-08-11,Message,0.89
6933,2023-02-06,Meta Ads,1.64
9180,2023-10-05,Meta Ads,1.34
1412,2024-03-09,Google Ads,0.88
7114,2023-12-02,Google Ads,1.72
6441,2024-01-07,Google Ads,0.85
9427,2023-09-11,Email,0.49
6345,2023-05-07,Message,0.68
8136,2024-05-27,Message,0.68
6585,2024-02-08,Message,0.75
6752,2024-01-14,Message,0.58
2399,2023-09-19,Meta Ads,0.89
6095,2023-07-21,Message,0.83
3158,2023-05-31,Meta Ads,1.71
2853,2023-03-26,Meta Ads,0.84
1171,2023-06-05,Email,0.48
3447,2024-01-19,Email,0.33
7860,2024-02-04,Meta Ads,0.53
4960,2024-02-04,Meta Ads,1.02
2350,2023-09-04,Google Ads,0.95
3047,2023-07-06,Meta Ads,1.39
4473,2023-07-23,Google Ads,1.91
8887,2024-01-18,Google Ads,1.32
8514,2023-09-30,Meta Ads,1.15
6255,2023-08-11,Google Ads,1.05
9789,2024-01-26,Meta Ads,1.63
8297,2024-01-20,Google Ads,0.84
8751,2023-05-05,Google Ads,1.27
3401,2023-12-15,Google Ads,1.36
2595,2024-05-13,Meta Ads,1.3
8067,2024-03-05,Meta Ads,1.13
7820,2023-09-21,Meta Ads,1.1
6600,2024-02-26,Google Ads,1.23
7365,2023-04-07,Message,0.71
1605,2023-07-17,Message,0.52
6843,2023-11-18,Google Ads,0.81
1434,2023-12-31,Google Ads,1.01
1839,2023-12-04,Google Ads,1.4
2083,2024-03-05,Email,0.36
7591,2023-12-07,Message,0.68
1109,2024-01-12,Meta Ads,1.51
1300,2024-05-10,Message,0.59
2832,2023-10-13,Google Ads,1.03
3123,2024-02-01,Google Ads,1.63
6232,2023-05-17,Meta Ads,0.62
9743,2023-06-18,Message,0.77
1838,2023-08-16,Google Ads,0.6
8403,2023-06-22,Google Ads,1.9
9140,2023-03-30,Email,0.5
4167,2024-01-18,Email,0.12
1608,2023-08-15,Email,0.24
2393,2023-10-15,Message,0.93
6310,2023-09-15,Meta Ads,1.46
8506,2024-03-04,Meta Ads,0.69
7517,2023-12-14,Google Ads,1.81
3187,2024-03-05,Google Ads,0.92
2941,2023-04-10,Google Ads,1.58
9977,2023-04-23,Meta Ads,0.82
8711,2023-11-22,Meta Ads,0.53
2887,2023-09-02,Google Ads,1.25
5618,2024-03-24,Email,0.27
2320,2023-12-11,Meta Ads,1.12
9876,2024-01-07,Meta Ads,0.86
8126,2023-08-11,Email,0.4
6493,2024-01-29,Message,0.82
3887,2023-06-28,Email,0.1
6178,2023-05-11,Meta Ads,1.65
7903,2023-11-22,Email,0.3
1873,2023-08-04,Meta Ads,1.62
1346,2023-10-21,Google Ads,1.71
2541,2023-07-09,Google Ads,1.91
9507,2024-01-21,Google Ads,0.55
9254,2023-02-11,Message,0.65
7124,2023-11-03,Message,0.57
2996,2023-11-25,Message,0.86
8763,2024-01-17,Email,0.34
5811,2023-05-30,Email,0.41
8620,2023-10-13,Email,0.22
9059,2024-04-15,Message,0.99
2060,2023-08-20,Email,0.22
1989,2023-09-01,Email,0.16
4683,2024-01-17,Meta Ads,1.2
4422,2023-11-16,Google Ads,1.42
3895,2024-03-27,Meta Ads,1.46
1557,2023-06-24,Message,0.89
9484,2024-02-12,Message,0.74
8556,2023-04-26,Email,0.36
5953,2023-07-24,Email,0.11
6948,2023-07-07,Message,0.6
6735,2023-08-24,Meta Ads,1.26
9324,2024-05-01,Meta Ads,1.64
5885,2023-08-23,Meta Ads,1.01
2342,2023-03-04,Message,0.56
2484,2023-10-18,Meta Ads,0.52
2335,2023-10-14,Email,0.17
4493,2024-01-09,Meta Ads,1.77
3970,2023-07-25,Meta Ads,1.79
9322,2024-01-13,Message,0.67
7553,2024-02-08,Meta Ads,1.47
3164,2024-01-17,Google Ads,1.28
4767,2024-04-19,Email,0.33
6447,2023-07-23,Email,0.46
8728,2024-01-03,Google Ads,0.55
4401,2023-09-23,Message,0.65
1748,2023-10-26,Google Ads,1.37
4482,2024-02-12,Google Ads,0.69
5904,2024-01-02,Google Ads,0.6
8189,2023-04-14,Meta Ads,1.72
5506,2023-11-23,Google Ads,1.3
4255,2024-05-05,Email,0.43
6266,2023-06-15,Google Ads,0.62
8564,2023-09-19,Meta Ads,1.69
6755,2023-12-10,Email,0.5
6168,2024-01-14,Meta Ads,1.2
3604,2023-09-24,Email,0.22
3038,2023-04-28,Google Ads,1.44
6364,2024-01-15,Google Ads,1.88
2613,2024-01-24,Meta Ads,1.39
3231,2024-02-18,Email,0.49
4620,2024-02-23,Meta Ads,1.46
4110,2024-03-07,Google Ads,0.87
2028,2023-11-18,Email,0.32
2518,2023-09-12,Meta Ads,0.62
7207,2024-02-03,Google Ads,1.52
7092,2024-01-06,Meta Ads,1.43
5324,2023-04-05,Email,0.45
3472,2024-03-04,Meta Ads,1.37
4355,2024-01-14,Google Ads,1.04
8032,2023-06-07,Google Ads,1.38
8467,2023-07-27,Message,0.92
3942,2024-03-10,Google Ads,1.19
4319,2024-02-06,Google Ads,0.92
7858,2023-12-20,Meta Ads,1.41
1402,2024-01-07,Email,0.11
3403,2023-09-27,Meta Ads,1.79
5849,2023-10-31,Email,0.44
6248,2024-01-29,Meta Ads,1.62
1432,2023-12-17,Message,0.91
9367,2023-08-09,Meta Ads,1.41
4339,2023-05-07,Google Ads,1.24
9533,2023-11-13,Google Ads,1.14
6714,2024-05-06,Message,0.75
7750,2023-10-01,Meta Ads,0.87
2221,2024-03-10,Meta Ads,1.9
6528,2024-03-01,Google Ads,1.14
3759,2023-10-30,Message,0.71
9244,2023-10-15,Message,0.64
7596,2023-05-18,Email,0.3
3284,2024-01-07,Message,0.84
4582,2023-08-05,Meta Ads,0.73
3773,2023-11-29,Google Ads,1.59
1934,2023-05-12,Meta Ads,1.46
6677,2024-02-20,Meta Ads,0.83
2630,2023-08-06,Google Ads,1.78
5273,2024-03-18,Email,0.33
6010,2023-04-26,Email,0.29
9725,2023-08-17,Message,0.52
9483,2023-08-14,Email,0.18
6101,2023-07-17,Email,0.33
1656,2024-05-12,Email,0.22
6008,2023-04-05,Email,0.32
8671,2023-06-19,Meta Ads,1.22
1590,2024-05-26,Google Ads,1.7
7855,2023-12-16,Google Ads,1.62
3635,2024-02-02,Email,0.4
2860,2023-07-29,Message,0.55
3106,2024-06-09,Meta Ads,1.99
4379,2023-10-18,Meta Ads,1.98
5755,2023-04-11,Meta Ads,0.97
3544,2023-10-25,Meta Ads,0.86
4162,2023-11-22,Message,0.7
3011,2023-12-13,Message,0.61
9551,2023-08-31,Email,0.15
4636,2023-11-18,Meta Ads,1.82
1846,2023-09-03,Meta Ads,1.42
8824,2023-05-29,Email,0.47
8616,2023-07-19,Google Ads,1.49
9219,2023-06-07,Email,0.22
2409,2023-10-09,Google Ads,1.94
2187,2023-06-20,Meta Ads,0.64
4413,2023-10-22,Message,0.98
5028,2023-10-26,Google Ads,1.28
5515,2023-07-28,Google Ads,0.67
7433,2023-10-13,Meta Ads,1.87
6376,2023-11-20,Message,0.89
4078,2024-03-10,Message,0.57
5434,2023-07-29,Email,0.48
1064,2023-12-03,Meta Ads,0.92
6809,2023-09-25,Meta Ads,1.48
2732,2024-02-07,Meta Ads,0.52
6328,2023-09-01,Email,0.27
4746,2024-05-26,Google Ads,1.04
3358,2023-11-29,Google Ads,1.59
3434,2023-07-26,Meta Ads,1.98
8086,2023-10-21,Google Ads,1.56
5983,2023-07-13,Email,0.24
5174,2024-03-19,Google Ads,0.78
2628,2023-11-22,Meta Ads,1.69
7986,2023-10-23,Email,0.48
2888,2023-12-03,Meta Ads,0.81
8551,2023-09-18,Message,0.75
1474,2024-01-01,Google Ads,0.55
6734,2024-01-04,Email,0.17
6910,2023-07-25,Meta Ads,1.98
9659,2023-12-25,Google Ads,1.98
6446,2024-03-22,Google Ads,1.01
9766,2023-08-10,Google Ads,0.57
2848,2023-08-02,Message,0.83
7032,2023-06-21,Meta Ads,0.9
9174,2023-11-15,Meta Ads,1.81
5466,2023-09-07,Google Ads,1.25
1247,2023-06-03,Meta Ads,1.9
3534,2023-11-18,Message,0.96
6369,2023-07-23,Email,0.11
1260,2023-09-18,Message,0.82
1206,2024-02-02,Google Ads,1.56
4677,2024-04-04,Google Ads,1.3
1578,2023-10-15,Meta Ads,1.15
4756,2024-02-20,Google Ads,1.72
2206,2024-03-23,Meta Ads,0.71
5088,2024-03-25,Google Ads,1.89
2390,2024-01-07,Google Ads,1.15
1556,2024-02-22,Email,0.42
5665,2023-05-08,Meta Ads,1.99
3291,2024-06-10,Message,0.65
7920,2024-03-16,Meta Ads,1.38
1212,2023-12-11,Google Ads,1.1
4997,2023-10-15,Email,0.26
3350,2023-08-25,Meta Ads,1.55
5631,2024-03-03,Meta Ads,0.82
6705,2023-07-04,Google Ads,1.91
4903,2024-03-06,Google Ads,1.89
8624,2024-01-09,Message,0.72
4659,2023-07-03,Message,0.64
6891,2024-01-12,Meta Ads,0.88
9833,2024-04-05,Meta Ads,1.27
3420,2023-06-24,Message,0.63
7149,2023-12-22,Meta Ads,0.61
2244,2023-08-06,Google Ads,0.66
4618,2024-02-03,Message,0.53
1229,2023-08-25,Google Ads,1.72
6567,2023-06-09,Google Ads,0.68
9317,2023-11-10,Google Ads,1.57
3529,2023-11-19,Message,0.72
6383,2023-10-23,Email,0.37
6863,2023-08-20,Email,0.34
9009,2023-09-15,Email,0.17
7379,2024-02-28,Google Ads,1.39
9238,2023-10-11,Message,0.74
2149,2024-05-03,Message,0.65
9119,2024-03-14,Message,0.62
7857,2023-07-08,Meta Ads,0.96
8721,2023-12-07,Email,0.49
4128,2023-06-02,Email,0.14
7273,2023-06-14,Meta Ads,1.13
8443,2023-04-08,Message,0.58
5113,2024-01-28,Email,0.31
9320,2024-01-17,Message,0.75
6680,2023-10-16,Message,0.79
5967,2023-08-02,Google Ads,0.9
1248,2023-11-13,Meta Ads,0.54
2358,2024-01-06,Email,0.36
3198,2023-07-29,Email,0.48
3841,2023-07-01,Email,0.19
6899,2023-06-01,Email,0.45
5619,2023-08-09,Email,0.42
6374,2023-05-01,Google Ads,2
8985,2023-10-07,Google Ads,1.71
7456,2023-10-29,Meta Ads,1.84
8169,2024-03-05,Email,0.31
4231,2023-12-20,Google Ads,1.17
3085,2023-07-24,Google Ads,1.09
3684,2023-12-29,Meta Ads,1.08
7371,2023-06-03,Email,0.23
4641,2023-06-24,Meta Ads,1.31
7608,2023-08-01,Email,0.39
8350,2023-06-05,Google Ads,1.6
4207,2023-04-07,Message,0.91
3105,2023-09-22,Meta Ads,0.97
8855,2024-01-07,Google Ads,1.74
9735,2023-06-27,Meta Ads,0.98
1348,2023-11-01,Email,0.5
9293,2023-06-01,Message,0.86
8047,2023-12-23,Email,0.29
1039,2023-09-15,Message,0.7
4367,2023-09-25,Google Ads,0.93
3860,2023-06-25,Email,0.14
7924,2024-01-31,Email,0.23
1648,2023-11-21,Email,0.33
5845,2024-02-13,Meta Ads,1.6
7140,2023-04-18,Meta Ads,1.1
3558,2023-11-30,Email,0.32
1093,2023-07-12,Email,0.17
8611,2023-05-28,Meta Ads,1.81
5796,2023-09-12,Meta Ads,0.85
2857,2024-07-04,Email,0.13
3826,2023-09-07,Google Ads,0.57
4492,2023-09-02,Meta Ads,1.16
6263,2023-10-09,Google Ads,1.56
1564,2023-08-09,Message,0.99
7246,2023-12-15,Google Ads,0.66
3433,2024-04-29,Meta Ads,0.51
2658,2023-03-23,Meta Ads,0.84
4075,2024-02-18,Email,0.28
4689,2023-03-28,Google Ads,1.51
5698,2023-10-10,Meta Ads,1.49
1371,2023-10-19,Email,0.24
8568,2023-07-02,Google Ads,1.11
6934,2024-01-06,Google Ads,1
4966,2024-01-19,Email,0.18
1586,2024-03-03,Google Ads,1.72
6518,2023-10-21,Google Ads,1.61
7941,2023-08-23,Google Ads,1.95
4668,2023-09-13,Meta Ads,1.18
3325,2023-04-15,Message,0.68
3876,2023-10-18,Email,0.26
3605,2024-03-30,Email,0.27
4941,2024-06-03,Google Ads,1.99
4690,2023-03-04,Google Ads,1.65
7778,2023-07-26,Meta Ads,0.71
7600,2023-07-15,Meta Ads,0.76
6174,2024-02-29,Email,0.23
5205,2024-03-09,Message,0.94
1307,2023-04-06,Meta Ads,1.16
3342,2023-08-28,Message,0.88
2368,2023-10-04,Message,0.72
7024,2023-07-04,Message,0.71
7497,2023-09-04,Email,0.33
6037,2023-05-30,Meta Ads,1.99
7058,2023-02-25,Google Ads,1.55
6733,2023-11-08,Message,0.75
7368,2023-08-11,Google Ads,1.72
5677,2023-07-09,Meta Ads,0.81
6187,2023-07-16,Email,0.45
3258,2023-06-12,Message,0.98
6003,2024-04-17,Google Ads,0.85
1595,2023-08-14,Google Ads,1.74
1634,2023-06-15,Email,0.43
6858,2024-04-03,Meta Ads,1.84
9086,2024-05-14,Google Ads,1.63
1327,2023-04-03,Meta Ads,0.57
9126,2023-07-19,Meta Ads,1.64
2783,2023-10-07,Meta Ads,1.79
5894,2023-11-13,Meta Ads,1.09
9649,2023-07-14,Google Ads,1.47
1024,2023-09-07,Meta Ads,1.52
5442,2024-02-12,Google Ads,1.34
8997,2023-05-11,Google Ads,1.44
7689,2023-01-27,Message,0.77
1789,2023-08-18,Email,0.3
3917,2023-04-23,Google Ads,0.96
2632,2023-06-13,Google Ads,1.6
7372,2023-07-05,Message,0.98
4123,2023-12-14,Google Ads,0.93
9611,2023-06-19,Meta Ads,1.56
3732,2024-05-23,Meta Ads,0.65
1587,2023-06-30,Email,0.17
4626,2023-11-11,Meta Ads,0.76
5758,2024-04-25,Meta Ads,1.8
1342,2023-07-17,Meta Ads,0.91
8965,2023-07-22,Meta Ads,1.57
9544,2023-05-02,Google Ads,0.56
2134,2023-11-25,Meta Ads,0.88
8856,2023-08-19,Google Ads,0.83
2930,2024-01-25,Meta Ads,0.74
4719,2024-03-02,Google Ads,0.87
8946,2023-06-15,Email,0.29
6200,2023-08-16,Meta Ads,1.09
5701,2024-04-08,Meta Ads,1.78
5179,2023-12-29,Message,0.65
9701,2023-10-21,Meta Ads,1.01
5094,2024-02-26,Meta Ads,1.09
9164,2024-02-06,Email,0.37
1055,2023-05-07,Meta Ads,1.22
8160,2023-11-27,Meta Ads,0.81
2311,2023-08-21,Email,0.36
7193,2024-03-03,Email,0.23
8071,2023-10-15,Google Ads,0.95
5737,2023-04-18,Email,0.47
4412,2023-11-04,Message,0.64
7571,2023-12-23,Meta Ads,1.4
2303,2024-04-21,Email,0.44
4332,2024-01-21,Meta Ads,1.9
9534,2024-01-18,Message,0.63
5674,2023-05-17,Meta Ads,1.79
1646,2023-09-15,Meta Ads,0.75
2534,2023-10-16,Meta Ads,1.39
3958,2023-09-05,Meta Ads,1.85
1848,2023-05-02,Meta Ads,0.52
4580,2024-03-28,Message,0.75
3092,2023-05-08,Email,0.11
9065,2023-04-29,Google Ads,1.19
5926,2023-10-30,Email,0.43
2361,2023-08-25,Email,0.4
2470,2023-04-18,Meta Ads,0.54
2731,2023-02-23,Google Ads,1.5
3639,2023-09-04,Email,0.35
1283,2024-01-15,Email,0.19
3765,2023-12-11,Meta Ads,1.11
8617,2023-08-18,Meta Ads,0.76
8442,2023-10-28,Email,0.21
3089,2023-08-10,Google Ads,1.64
5293,2023-08-16,Email,0.24
1134,2023-08-06,Message,0.67
5135,2023-07-25,Meta Ads,1.54
1219,2023-10-28,Meta Ads,0.79
7699,2023-11-06,Google Ads,1.39
3306,2023-04-01,Email,0.19
1438,2023-06-10,Google Ads,0.68
8667,2023-08-23,Meta Ads,1.64
2982,2024-03-03,Meta Ads,0.68
1362,2024-06-20,Message,0.98
7962,2023-09-05,Meta Ads,0.58
9791,2023-05-07,Meta Ads,1.79
6685,2023-06-13,Meta Ads,0.69
1840,2023-10-16,Google Ads,1.69
1577,2024-01-12,Google Ads,1.34
1095,2023-03-06,Email,0.11
4173,2023-09-21,Google Ads,0.99
2682,2023-03-21,Google Ads,1.1
6419,2023-05-20,Message,0.95
3321,2023-08-21,Meta Ads,0.73
3522,2023-07-03,Google Ads,0.99
3631,2023-04-19,Email,0.42
7056,2023-05-12,Google Ads,1.06
7687,2023-11-23,Email,0.25
6323,2023-04-17,Meta Ads,0.83
5822,2023-09-12,Google Ads,0.58
8823,2024-01-24,Meta Ads,1.65
6576,2024-05-25,Meta Ads,0.89
4883,2023-05-01,Message,0.78
8034,2023-09-30,Meta Ads,1.76
4921,2023-11-23,Email,0.4
9170,2024-04-18,Message,0.79
3166,2024-02-12,Email,0.42
9690,2023-08-18,Meta Ads,0.96
5817,2023-12-30,Google Ads,1.17
7999,2023-10-18,Google Ads,0.95
9129,2023-06-21,Message,0.63
1909,2023-07-27,Email,0.36
9642,2023-04-12,Google Ads,1.99
4676,2024-01-17,Google Ads,1.63
7542,2023-12-03,Message,0.79
8761,2024-02-09,Google Ads,1.66
3971,2023-12-16,Google Ads,0.67
6282,2024-05-06,Message,0.97
6402,2023-07-21,Message,0.91
7615,2023-08-08,Message,0.81
3865,2024-02-12,Meta Ads,0.98
4286,2024-02-19,Meta Ads,1.16
1546,2024-04-09,Google Ads,0.81
9117,2023-09-17,Meta Ads,1.12
2008,2023-12-27,Email,0.42
2696,2023-08-29,Google Ads,0.91
2125,2024-01-13,Email,0.33
6731,2023-09-20,Google Ads,0.74
2742,2023-04-29,Meta Ads,1.37
8833,2023-12-02,Google Ads,1.05
8750,2024-03-30,Meta Ads,1.13
7231,2023-09-12,Message,0.71
7656,2024-02-06,Meta Ads,0.65
4785,2023-05-26,Meta Ads,0.7
3634,2024-01-23,Google Ads,1.3
3693,2023-07-03,Message,0.64
5344,2023-12-24,Meta Ads,0.52
7508,2023-11-24,Email,0.23
8949,2023-06-22,Google Ads,1.41
3327,2023-12-01,Meta Ads,0.9
1386,2024-02-22,Google Ads,1.25
1584,2023-10-22,Email,0.19
8935,2023-11-23,Meta Ads,1.02
7211,2023-07-23,Message,0.61
8942,2023-09-06,Google Ads,1.17
7842,2023-07-18,Google Ads,1.4
7851,2023-06-04,Message,0.66
9566,2024-05-03,Message,0.93
8637,2023-05-18,Message,0.69
2898,2023-12-01,Message,0.58
4857,2023-09-14,Message,0.88
3603,2023-08-06,Meta Ads,2
2024,2023-07-27,Email,0.45
1898,2023-08-12,Meta Ads,1.1
7261,2023-07-10,Meta Ads,0.97
2098,2023-11-12,Email,0.25
8368,2023-09-25,Google Ads,0.73
1538,2024-01-20,Meta Ads,1.8
5785,2023-11-27,Message,0.52
7959,2023-05-19,Message,0.81
6704,2023-10-04,Google Ads,1.84
5946,2023-06-29,Message,0.86
3753,2023-07-24,Meta Ads,1.06
7115,2024-02-05,Meta Ads,1.24
7585,2023-12-26,Email,0.38
6971,2023-10-08,Email,0.45
7287,2023-06-07,Google Ads,1.96
3618,2023-05-02,Google Ads,1.57
4919,2024-02-18,Google Ads,1.08
1443,2024-04-21,Email,0.19
2346,2023-11-04,Meta Ads,1.02
1851,2024-03-14,Email,0.42
4717,2023-04-16,Email,0.43
5752,2023-05-17,Message,0.93
2570,2023-12-11,Message,0.86
9384,2023-04-04,Google Ads,1.13
8423,2023-06-02,Message,0.69
4644,2024-02-11,Email,0.39
7318,2023-05-19,Email,0.29
7674,2023-12-11,Email,0.4
3452,2024-01-23,Google Ads,1.79
5823,2024-04-02,Message,0.75
3517,2023-10-24,Google Ads,0.89
8159,2024-02-25,Email,0.26
6254,2023-10-30,Google Ads,1.01
4523,2023-07-23,Meta Ads,1.45
6834,2023-08-18,Meta Ads,1.08
8580,2023-12-14,Message,0.9
5736,2023-04-05,Google Ads,1.55
9004,2023-11-20,Meta Ads,1.81
1513,2024-02-27,Message,0.78
5804,2024-01-10,Google Ads,1.6
9954,2023-05-05,Meta Ads,0.77
5767,2023-11-21,Email,0.41
5808,2023-06-17,Message,0.84
8483,2023-09-01,Email,0.46
6915,2023-07-26,Google Ads,1.07
8829,2023-12-13,Email,0.39
2317,2023-11-16,Meta Ads,1.62
8515,2024-01-21,Meta Ads,1.19
9054,2023-11-01,Message,0.7
4751,2024-05-02,Meta Ads,0.85
4652,2023-05-19,Meta Ads,1.74
5527,2023-04-21,Meta Ads,1.71
2078,2023-12-06,Google Ads,0.86
6014,2023-08-25,Google Ads,2
5716,2023-09-18,Message,0.9
4908,2023-09-23,Google Ads,0.59
7375,2023-09-09,Meta Ads,1.95
9672,2023-09-29,Google Ads,1.37
5740,2023-09-11,Meta Ads,1.22
6923,2023-10-16,Email,0.15
7382,2023-09-02,Email,0.46
1135,2023-09-21,Google Ads,1.19
9806,2023-10-07,Meta Ads,1.05
1895,2023-08-21,Meta Ads,1.43
4907,2023-10-19,Google Ads,1.19
9232,2023-08-10,Meta Ads,0.84
7235,2024-02-12,Message,0.73
2764,2023-06-13,Meta Ads,1.22
5900,2023-09-16,Meta Ads,1.32
8854,2023-04-25,Meta Ads,0.54
7321,2024-03-17,Meta Ads,0.7
9298,2024-04-20,Google Ads,1.12
3090,2023-12-12,Google Ads,0.88
3648,2023-07-15,Google Ads,1.48
4841,2024-01-22,Google Ads,1.16
8191,2024-02-07,Google Ads,1.7
1233,2023-09-15,Google Ads,1.59
1842,2023-07-24,Email,0.32
9837,2023-06-07,Google Ads,1.67
7241,2023-07-20,Email,0.27
4624,2024-01-11,Email,0.27
9241,2023-06-06,Google Ads,0.9
9350,2023-07-10,Google Ads,1.47
1709,2024-03-06,Google Ads,0.85
3282,2023-11-03,Email,0.23
1125,2023-03-27,Message,0.93
1380,2024-05-12,Email,0.16
9420,2024-04-09,Email,0.18
7706,2023-05-07,Email,0.33
6245,2024-01-12,Email,0.35
2370,2023-06-28,Meta Ads,1.77
1961,2023-09-12,Google Ads,0.64
9712,2024-05-17,Message,0.93
3696,2023-05-01,Message,0.86
1124,2023-12-29,Message,0.93
2636,2023-12-12,Email,0.33
2737,2023-12-07,Meta Ads,0.92
1670,2023-03-26,Google Ads,0.55
2849,2024-01-01,Google Ads,1.19
6089,2023-07-01,Google Ads,1.91
3930,2023-12-28,Email,0.3
9327,2024-03-12,Google Ads,1.89
8873,2023-05-21,Email,0.43
2141,2023-11-23,Message,0.72
3053,2024-02-25,Google Ads,0.5
6919,2024-01-26,Meta Ads,2
8960,2023-10-20,Meta Ads,0.55
2753,2023-10-11,Message,0.75
1460,2023-06-02,Google Ads,1.86
4973,2024-01-02,Google Ads,1.01
8121,2023-08-06,Email,0.31
8491,2023-05-07,Meta Ads,0.99
2805,2023-12-22,Message,0.67
7081,2023-12-16,Meta Ads,1.08
9087,2024-02-12,Meta Ads,1.11
2266,2023-04-24,Message,0.7
9790,2023-06-28,Message,0.78
9436,2024-03-12,Message,0.97
5167,2023-08-16,Message,0.95
2599,2024-04-10,Email,0.11
4425,2023-06-11,Meta Ads,1.87
4932,2023-08-21,Google Ads,1.41
4584,2023-06-10,Email,0.3
5728,2023-07-04,Google Ads,1.55
1729,2023-12-04,Google Ads,1.24
4571,2023-08-30,Meta Ads,0.66
1530,2023-06-29,Message,0.77
5254,2024-02-22,Meta Ads,1.03
2062,2023-08-22,Meta Ads,1.24
4858,2024-01-06,Meta Ads,1.17
4471,2023-11-27,Message,0.57
8155,2023-06-22,Email,0.46
3716,2023-07-18,Message,0.79
1008,2023-08-30,Message,0.69
6709,2024-01-10,Meta Ads,0.66
1070,2023-10-07,Google Ads,0.82
9608,2023-03-19,Google Ads,1.49
1818,2023-08-20,Google Ads,0.52
6308,2023-10-21,Google Ads,0.97
8703,2023-09-13,Email,0.13
2053,2023-09-05,Meta Ads,1.58
1078,2023-12-14,Meta Ads,1.97
6412,2024-06-16,Meta Ads,1.63
7152,2023-09-09,Email,0.2
6099,2023-07-01,Meta Ads,1.71
6624,2023-08-01,Google Ads,0.78
1705,2023-06-13,Meta Ads,1.87
7794,2023-08-02,Google Ads,1.19
6961,2023-04-18,Meta Ads,1.01
3554,2024-04-12,Google Ads,1.2
2879,2023-05-04,Google Ads,0.81
4867,2023-05-15,Google Ads,1.52
5440,2023-09-27,Google Ads,1.83
3167,2023-11-04,Message,0.64
3490,2023-09-24,Email,0.4
4561,2023-07-25,Message,0.76
7498,2023-04-14,Email,0.36
6579,2024-01-29,Email,0.14
6076,2023-06-12,Meta Ads,1.8
7686,2023-05-18,Google Ads,1.07
9572,2024-01-11,Message,0.62
9414,2023-03-31,Google Ads,0.78
4715,2024-01-04,Email,0.22
5165,2023-07-15,Email,0.24
6196,2023-09-16,Meta Ads,0.94
2716,2023-07-25,Google Ads,1.52
2976,2023-11-21,Google Ads,1.67
4605,2023-07-01,Google Ads,1.4
8788,2023-11-29,Email,0.19
5692,2023-11-17,Email,0.37
6205,2023-12-10,Email,0.11
7159,2023-09-12,Google Ads,1.05
2146,2023-03-27,Email,0.36
2139,2023-03-25,Email,0.22
3512,2023-10-21,Message,0.72
6510,2023-07-23,Meta Ads,1.13
8420,2023-09-01,Google Ads,0.89
9904,2023-10-12,Email,0.14
9852,2023-12-26,Meta Ads,1.42
7786,2024-02-15,Meta Ads,0.87
5175,2024-01-10,Google Ads,0.71
6054,2024-01-20,Meta Ads,0.85
6829,2023-02-20,Google Ads,0.7
7351,2024-01-01,Google Ads,0.86
9263,2023-10-09,Meta Ads,0.96
3329,2024-03-30,Google Ads,0.98
3555,2024-04-15,Google Ads,1.06
9667,2023-08-03,Message,0.99
8122,2023-03-28,Meta Ads,0.63
7681,2024-03-21,Google Ads,1.67
7714,2024-02-28,Google Ads,2
1940,2023-08-13,Message,0.88
4150,2023-10-26,Email,0.48
1120,2024-03-09,Google Ads,1.02
4092,2023-10-22,Message,0.74
5905,2023-06-11,Email,0.18
7913,2023-10-05,Google Ads,1.95
2372,2023-09-08,Google Ads,0.78
5690,2023-12-21,Google Ads,1.02
9613,2024-01-15,Meta Ads,1.62
9160,2023-12-20,Meta Ads,0.83
6391,2023-05-02,Meta Ads,0.99
7346,2023-07-04,Message,0.65
9242,2023-04-09,Meta Ads,1.19
2242,2023-12-16,Meta Ads,0.96
9062,2023-07-22,Message,0.88
6491,2024-03-09,Google Ads,1.87
2509,2024-02-04,Google Ads,1.4
2535,2023-08-13,Message,0.74
7169,2023-11-17,Message,0.86
9555,2023-03-05,Email,0.48
4208,2023-09-30,Email,0.25
3506,2024-03-05,Meta Ads,0.81
8230,2023-12-15,Google Ads,0.81
9950,2023-04-19,Message,0.69
5272,2024-03-21,Email,0.23
4517,2023-11-19,Email,0.29
6114,2023-06-09,Email,0.31
2977,2023-10-03,Meta Ads,0.62
8173,2024-04-06,Google Ads,0.8
5124,2023-09-02,Email,0.14
3957,2024-03-27,Meta Ads,1.14
7807,2023-12-10,Meta Ads,0.8
3333,2024-05-28,Meta Ads,1.25
8248,2023-05-07,Google Ads,0.53
8630,2023-12-10,Meta Ads,1.68
2216,2024-04-11,Google Ads,1.46
9842,2023-05-31,Message,0.64
3941,2024-02-09,Message,0.97
8336,2024-02-13,Meta Ads,1.48
6363,2024-02-06,Google Ads,0.73
9376,2023-12-23,Message,0.61
9359,2024-03-19,Meta Ads,0.55
5123,2024-03-24,Meta Ads,1.02
7845,2023-12-25,Email,0.38
6188,2024-05-15,Meta Ads,1.94
4311,2023-06-28,Meta Ads,0.96
7720,2023-10-18,Google Ads,1.47
4480,2023-10-25,Message,0.68
1824,2024-01-11,Email,0.19
9240,2023-06-25,Message,0.87
9859,2023-08-03,Email,0.49
2155,2024-01-22,Email,0.46
6085,2023-09-12,Meta Ads,1.38
1027,2023-07-26,Meta Ads,1.15
8562,2024-03-05,Meta Ads,1.96
5999,2023-09-10,Meta Ads,0.92
7421,2023-10-13,Meta Ads,1.83
9827,2024-02-24,Google Ads,0.53
5695,2024-05-16,Message,0.59
1359,2024-01-01,Meta Ads,1.38
9378,2023-10-15,Meta Ads,1.2
9288,2023-08-10,Meta Ads,0.74
7190,2024-04-16,Message,0.75
8009,2023-09-08,Email,0.35
3192,2023-07-25,Meta Ads,0.84
8446,2024-01-29,Google Ads,1.82
4713,2024-01-06,Google Ads,0.77
8953,2024-04-06,Meta Ads,1.36
3663,2023-08-12,Meta Ads,1.61
7888,2024-04-10,Email,0.26
3458,2023-11-22,Google Ads,1.41
4455,2023-10-20,Google Ads,1.08
6864,2024-03-21,Google Ads,1.89
4723,2023-07-20,Google Ads,1.82
2571,2024-04-13,Message,0.64
3896,2023-06-07,Email,0.48
1421,2024-02-02,Google Ads,1.08
1620,2024-01-29,Meta Ads,1.7
8518,2024-04-21,Email,0.42
7038,2023-10-04,Google Ads,0.86
4301,2023-05-23,Google Ads,0.7
7702,2023-10-31,Meta Ads,1.51
7804,2023-05-24,Message,0.95
2820,2024-02-04,Google Ads,1.39
5364,2023-04-15,Meta Ads,0.63
9862,2023-11-03,Message,0.61
9624,2024-02-03,Meta Ads,1.12
6322,2023-05-20,Email,0.44
2672,2023-03-05,Google Ads,1.36
7123,2023-10-19,Meta Ads,1.74
2767,2023-12-20,Meta Ads,1.45
4923,2023-06-15,Google Ads,0.87
3526,2023-07-10,Google Ads,1.88
6566,2023-10-14,Message,0.71
4296,2023-09-29,Message,0.74
6512,2023-12-17,Meta Ads,1.83
1666,2024-03-06,Google Ads,1.87
7317,2023-09-21,Message,0.92
9034,2023-10-27,Message,0.8
4680,2023-12-29,Message,0.59
8808,2024-03-13,Meta Ads,1.75
5108,2023-08-01,Meta Ads,1.1
2591,2024-03-21,Meta Ads,1.13
8747,2023-07-21,Google Ads,1.58
3784,2023-09-18,Message,0.72
6385,2023-07-20,Message,0.84
4080,2024-01-02,Meta Ads,1.69
2618,2024-03-04,Email,0.18
9959,2023-05-14,Google Ads,0.77
1296,2023-08-06,Email,0.44
1911,2024-01-06,Google Ads,1.3
5438,2024-03-21,Google Ads,1.13
5891,2023-03-26,Google Ads,1.43
3755,2024-02-23,Email,0.44
1582,2023-04-10,Email,0.15
2714,2024-07-25,Google Ads,1.32
1417,2024-02-23,Meta Ads,1.09
6111,2024-03-04,Meta Ads,1.12
9053,2023-07-22,Message,0.63
7378,2024-03-31,Email,0.17
2626,2023-11-03,Message,0.58
4632,2024-04-14,Message,0.99
7631,2023-06-22,Meta Ads,0.62
5943,2024-01-17,Meta Ads,1.46
4139,2023-12-07,Email,0.18
5462,2024-03-09,Meta Ads,0.61
3374,2023-11-10,Meta Ads,1.54
4294,2023-03-10,Message,0.86
8345,2023-04-10,Message,0.57
4370,2023-07-29,Google Ads,0.69
2499,2024-01-31,Google Ads,1.55
3982,2023-11-13,Google Ads,1.71
9050,2024-03-08,Meta Ads,1.48
1325,2023-10-24,Google Ads,1.73
8309,2024-02-17,Email,0.25
7705,2023-12-31,Meta Ads,0.98
4999,2024-01-29,Google Ads,1.83
2417,2024-04-18,Meta Ads,0.51
1179,2024-03-11,Google Ads,1.75
6139,2023-10-19,Google Ads,0.98
9271,2023-11-23,Google Ads,0.68
3081,2023-09-06,Google Ads,0.77
9577,2023-05-19,Meta Ads,0.53
8220,2023-12-04,Meta Ads,0.55
4737,2023-10-19,Google Ads,0.52
4321,2023-11-21,Meta Ads,0.59
3620,2024-02-15,Google Ads,1.05
8668,2023-06-26,Meta Ads,1.73
3505,2023-10-25,Google Ads,0.51
7416,2023-12-10,Google Ads,1.54
3823,2023-10-04,Meta Ads,1.27
5445,2023-12-05,Google Ads,1.58
9299,2023-11-08,Google Ads,1.03
7541,2023-07-22,Meta Ads,0.53
4352,2024-03-17,Google Ads,0.72
4842,2023-11-18,Email,0.46
1188,2024-05-06,Email,0.24
5657,2024-02-16,Google Ads,0.5
7603,2023-08-25,Meta Ads,1.97
2655,2023-07-12,Google Ads,1.7
3224,2023-03-02,Google Ads,1.4
5043,2023-07-27,Google Ads,1.14
7233,2023-09-01,Google Ads,1.4
3068,2023-10-26,Meta Ads,0.86
1995,2024-02-14,Google Ads,1.95
2064,2024-01-19,Meta Ads,1.8
4650,2024-04-03,Message,0.9
6584,2023-12-24,Email,0.16
5211,2023-09-09,Message,0.68
2423,2024-04-20,Meta Ads,0.84
8111,2023-07-21,Message,0.55
8775,2023-05-07,Google Ads,1.04
9093,2023-06-26,Meta Ads,1.36
3322,2023-07-15,Email,0.14
7752,2024-01-08,Email,0.33
8918,2024-04-17,Email,0.49
7827,2023-04-29,Meta Ads,0.57
5542,2023-05-10,Message,0.86
6462,2023-11-12,Meta Ads,1.47
1042,2023-12-30,Meta Ads,0.8
4974,2023-07-14,Message,0.82
1692,2023-07-27,Google Ads,0.83
5331,2023-09-21,Email,0.47
4804,2023-06-12,Google Ads,0.87
2965,2023-10-09,Meta Ads,1.98
7015,2023-10-11,Message,0.58
7072,2024-04-29,Message,0.64
8414,2023-07-22,Meta Ads,0.79
1522,2023-06-08,Google Ads,1.05
2086,2024-04-21,Meta Ads,0.54
5621,2024-05-22,Google Ads,1.97
1780,2024-04-23,Meta Ads,0.55
6741,2023-07-22,Meta Ads,1.43
8981,2024-02-07,Email,0.39
7939,2023-12-28,Meta Ads,1.3
6016,2024-01-28,Google Ads,1.3
7897,2024-01-15,Message,0.96
2197,2023-10-22,Meta Ads,1.96
3134,2023-10-28,Message,0.7
2643,2023-10-16,Google Ads,1.58
1284,2023-11-11,Email,0.16
3727,2023-10-20,Message,0.96
2310,2023-06-27,Meta Ads,1.88
4725,2023-06-29,Message,0.79
1552,2023-12-04,Email,0.13
9863,2024-01-05,Google Ads,1.02
3562,2024-06-16,Meta Ads,1.67
3239,2023-05-07,Google Ads,0.89
8756,2023-04-24,Meta Ads,1.43
2162,2023-08-13,Google Ads,1.81
1016,2023-08-20,Google Ads,1.9
7449,2023-03-20,Google Ads,0.62
8769,2023-08-02,Email,0.41
8392,2023-12-19,Message,0.6
6940,2023-11-09,Google Ads,0.98
1294,2023-06-02,Google Ads,1.32
6998,2023-09-17,Google Ads,1.3
8299,2023-06-01,Google Ads,1.59
5587,2024-02-15,Google Ads,1.81
3377,2023-12-19,Email,0.44
4817,2023-11-28,Message,0.55
2159,2024-03-30,Google Ads,0.93
3479,2023-04-17,Message,0.89
5016,2024-01-26,Google Ads,0.75
7991,2023-09-05,Google Ads,1.35
5235,2023-10-01,Meta Ads,0.65
9933,2023-05-03,Message,0.82
7616,2023-06-20,Meta Ads,1.16
1798,2023-06-14,Meta Ads,1.31
3643,2023-11-30,Google Ads,0.54
8092,2023-06-07,Message,0.8
6925,2023-12-26,Google Ads,0.8
8150,2023-11-24,Meta Ads,1.23
7163,2023-07-19,Google Ads,1.92
9390,2024-05-03,Message,0.92
6097,2023-12-21,Meta Ads,1.87
4768,2023-03-21,Email,0.43
7852,2024-03-18,Google Ads,0.96
9858,2024-03-24,Google Ads,0.68
4834,2024-01-20,Message,0.6
2892,2023-09-11,Google Ads,0.83
2670,2023-10-21,Google Ads,0.96
1496,2023-04-24,Meta Ads,0.85
8627,2023-05-01,Email,0.32
2160,2023-06-14,Email,0.43
6468,2023-08-26,Message,0.86
5044,2024-03-20,Email,0.18
8421,2024-01-04,Message,0.81
2430,2023-04-08,Message,0.96
8242,2023-11-16,Google Ads,1.1
4177,2023-07-22,Meta Ads,0.79
7634,2024-01-15,Email,0.28
6956,2023-10-21,Meta Ads,1.92
7604,2023-09-27,Meta Ads,1.07
8851,2023-11-30,Google Ads,0.94
3323,2024-04-08,Google Ads,1.17
3351,2024-04-20,Meta Ads,1.98
5815,2024-02-17,Message,0.51
5241,2023-10-25,Google Ads,1
3992,2023-03-01,Google Ads,1.54
3901,2024-04-11,Google Ads,0.56
8846,2024-02-10,Message,0.77
1742,2023-07-23,Message,0.5
7157,2023-11-02,Meta Ads,1.42
8074,2023-07-06,Meta Ads,1.36
6203,2023-04-26,Message,0.93
4159,2023-05-04,Email,0.22
7260,2023-06-05,Meta Ads,0.51
7385,2024-04-06,Meta Ads,0.96
3556,2023-07-06,Google Ads,0.8
5639,2023-09-28,Google Ads,1.06
7141,2024-02-13,Message,0.65
7620,2023-07-22,Message,0.91
1117,2023-06-30,Email,0.22
1467,2023-09-16,Meta Ads,1.37
5115,2023-08-15,Google Ads,0.95
8977,2023-10-25,Message,0.89
8357,2024-04-13,Email,0.47
6253,2023-11-27,Message,0.65
2022,2024-02-11,Google Ads,0.8
1493,2024-03-15,Email,0.11
9504,2023-12-03,Google Ads,1.42
6118,2024-04-23,Message,0.8
3270,2024-04-03,Meta Ads,0.94
1919,2023-11-14,Meta Ads,1.39
8466,2024-02-02,Email,0.13
2066,2023-06-13,Meta Ads,1.53
1768,2023-07-13,Email,0.2
4835,2023-09-30,Email,0.1
3777,2023-08-26,Google Ads,0.53
9201,2023-10-27,Meta Ads,0.52
8694,2023-10-07,Google Ads,1.51
5120,2024-01-17,Google Ads,0.67
3994,2024-04-30,Google Ads,1.02
9838,2023-07-16,Google Ads,0.64
9448,2023-11-01,Email,0.41
6135,2024-02-04,Message,0.58
6667,2023-09-15,Message,0.74
5686,2023-04-05,Google Ads,1.56
9603,2023-06-01,Meta Ads,1.67
4573,2023-07-27,Message,0.56
4819,2024-03-28,Email,0.26
9478,2023-08-04,Message,0.74
4514,2024-04-04,Meta Ads,0.57
8995,2023-02-22,Google Ads,0.51
2214,2023-05-14,Message,0.9
5923,2024-02-10,Message,0.83
4104,2023-08-23,Google Ads,1.52
2171,2023-09-28,Google Ads,0.65
5851,2023-11-01,Meta Ads,0.97
4705,2023-11-12,Google Ads,0.94
9067,2024-04-05,Email,0.32
6032,2023-08-07,Meta Ads,1.77
2505,2024-02-15,Message,0.65
6618,2023-06-06,Meta Ads,1.36
6643,2023-06-21,Google Ads,0.54
4040,2023-05-19,Google Ads,1
1499,2024-03-26,Message,0.98
5841,2024-01-22,Google Ads,1.76
9768,2023-10-22,Meta Ads,1.44
2406,2023-08-02,Google Ads,1.83
6867,2024-03-11,Meta Ads,1.99
3335,2024-06-26,Google Ads,0.7
7621,2023-09-16,Email,0.5
8804,2023-12-26,Meta Ads,1.56
4736,2024-03-03,Google Ads,0.87
9921,2023-02-28,Message,0.56
3261,2024-02-06,Message,0.98
5285,2023-05-13,Google Ads,1.94
2940,2024-03-15,Meta Ads,0.99
3748,2023-12-30,Message,0.7
8065,2023-04-05,Google Ads,1.08
2101,2023-07-29,Google Ads,1.1
4454,2023-12-17,Message,0.79
2713,2023-11-25,Meta Ads,1.55
7940,2023-10-18,Meta Ads,1.85
1628,2023-07-19,Meta Ads,1.71
9091,2023-06-03,Meta Ads,1.65
4011,2023-08-12,Google Ads,0.72
8509,2024-01-21,Message,0.61
9770,2023-11-05,Meta Ads,0.98
4586,2023-07-04,Email,0.16
4001,2024-03-23,Meta Ads,1.81
7512,2023-09-22,Email,0.49
7432,2023-04-15,Message,0.69
7650,2024-01-31,Meta Ads,1.51
2501,2023-07-21,Google Ads,1.62
8405,2023-09-12,Google Ads,0.64
8471,2023-12-01,Message,0.57
1312,2023-04-20,Meta Ads,1.68
1214,2023-10-10,Message,0.76
6506,2024-01-12,Meta Ads,1.99
2099,2023-08-20,Google Ads,0.52
8573,2024-03-28,Meta Ads,0.78
9498,2023-12-15,Message,0.73
6650,2023-09-29,Message,0.82
6673,2023-09-06,Google Ads,0.67
2868,2023-10-30,Email,0.21
3288,2023-10-14,Meta Ads,1.57
7532,2023-12-25,Meta Ads,1.94
3211,2023-12-04,Meta Ads,1.62
3846,2024-01-09,Email,0.33
7150,2023-09-01,Meta Ads,1.32
2452,2024-03-17,Message,0.79
1475,2023-09-02,Meta Ads,1.53
1194,2023-09-30,Message,0.74
6892,2023-12-25,Google Ads,1.75
9979,2023-11-13,Meta Ads,1.66
4752,2024-01-22,Email,0.29
5348,2023-11-23,Meta Ads,0.67
8913,2024-02-10,Message,0.89
2800,2024-04-26,Message,0.84
7419,2023-08-17,Meta Ads,0.96
5642,2023-09-19,Google Ads,0.98
8502,2023-07-03,Message,0.76
2422,2023-07-20,Email,0.3
2640,2023-06-05,Google Ads,1.31
3259,2024-03-13,Google Ads,0.8
9584,2023-09-03,Meta Ads,1.33
4010,2024-02-14,Message,0.6
3628,2023-05-31,Meta Ads,0.9
9251,2023-10-29,Meta Ads,1.27
5552,2023-06-27,Meta Ads,1.39
8943,2023-04-21,Google Ads,1.26
6329,2023-07-07,Message,0.84
7740,2024-05-27,Email,0.29
4437,2023-10-31,Email,0.26
5194,2023-07-31,Google Ads,1.08
8181,2023-10-09,Meta Ads,1.16
7085,2024-03-03,Message,0.75
4459,2023-08-04,Google Ads,0.94
7500,2023-06-24,Meta Ads,1.91
2223,2023-05-11,Google Ads,1.7
5990,2023-06-17,Google Ads,0.68
3152,2023-11-07,Email,0.41
5369,2024-03-05,Message,0.65
3633,2023-05-20,Message,0.94
7819,2024-04-22,Message,0.68
7403,2023-06-06,Google Ads,1.07
5647,2024-01-20,Meta Ads,1.88
6046,2023-11-01,Email,0.23
2907,2023-10-02,Meta Ads,1.03
6551,2023-12-09,Message,0.74
9601,2023-07-24,Message,0.68
3189,2024-03-24,Email,0.31
7883,2023-09-26,Google Ads,1.5
6129,2023-07-08,Meta Ads,0.84
2699,2024-02-25,Google Ads,1.98
6749,2023-09-18,Meta Ads,1.96
8980,2023-12-15,Message,0.71
2842,2023-06-03,Google Ads,0.9
5249,2023-06-06,Google Ads,0.56
2157,2023-08-22,Meta Ads,0.8
5531,2024-03-04,Message,0.89
3572,2024-02-21,Email,0.23
5161,2023-08-25,Message,0.74
5390,2024-06-17,Message,0.76
2884,2024-05-05,Message,0.75
6912,2023-09-19,Message,0.71
1388,2023-08-01,Email,0.25
1067,2024-02-17,Email,0.35
4758,2023-02-17,Meta Ads,2
3228,2023-06-21,Message,0.64
4440,2023-03-08,Email,0.44
1996,2023-12-14,Google Ads,0.81
1444,2023-11-13,Google Ads,0.64
4295,2023-07-06,Message,0.65
3791,2023-12-28,Message,0.87
7557,2023-08-09,Email,0.24
7179,2023-03-21,Email,0.3
8013,2023-07-20,Email,0.46
7843,2023-12-05,Message,0.81
7729,2024-01-26,Google Ads,0.8
2843,2023-09-15,Meta Ads,1.33
6043,2024-01-13,Message,0.6
2667,2023-08-29,Meta Ads,0.9
3441,2023-08-21,Meta Ads,1.27
4292,2023-06-11,Meta Ads,1.39
9590,2023-05-04,Google Ads,1.26
3889,2023-09-07,Message,0.84
7001,2024-02-19,Email,0.29
4948,2023-06-07,Email,0.26
2677,2024-04-21,Google Ads,1.08
8565,2023-09-25,Meta Ads,1.16
5759,2024-03-17,Message,0.75
7481,2023-07-25,Google Ads,0.94
3440,2023-07-05,Meta Ads,1.91
7435,2023-09-04,Google Ads,1.7
1410,2024-04-09,Google Ads,0.68
6633,2023-10-05,Email,0.41
4442,2023-10-25,Message,0.65
2701,2023-05-19,Message,0.94
5807,2024-05-29,Message,0.68
5422,2024-02-27,Google Ads,1.07
5706,2023-06-16,Meta Ads,1.88
4729,2023-05-12,Email,0.23
2980,2024-01-26,Meta Ads,1.03
5010,2023-12-24,Message,0.74
2639,2023-11-06,Message,0.68
1293,2024-04-28,Email,0.31
9394,2024-04-20,Google Ads,1.5
7357,2023-12-17,Meta Ads,0.84
3608,2023-10-20,Google Ads,1.98
6360,2023-08-25,Meta Ads,1.96
8406,2024-03-10,Message,0.71
2050,2023-05-19,Google Ads,0.9
4113,2023-11-16,Google Ads,0.56
8226,2023-10-31,Meta Ads,0.8
6044,2023-06-30,Message,0.89
1267,2023-08-29,Email,0.23
7880,2023-06-26,Message,0.74
1059,2024-01-17,Message,0.76
1555,2023-05-25,Message,0.75
5342,2024-02-09,Message,0.71
5226,2023-04-16,Email,0.25
9682,2023-10-18,Email,0.35
4453,2024-03-08,Meta Ads,2
1043,2024-01-23,Message,0.64
3866,2023-09-01,Email,0.44
6004,2023-05-17,Google Ads,0.81
6018,2023-11-22,Google Ads,0.64
2472,2023-12-18,Message,0.65
2749,2024-01-30,Message,0.87
2718,2024-04-09,Email,0.24
4209,2024-01-30,Email,0.3
4293,2024-02-22,Email,0.46
8802,2023-08-08,Message,0.81
6289,2024-01-22,Message,0.68
5332,2023-05-29,Email,0.31
5371,2024-01-11,Google Ads,1.5
9099,2023-04-10,Meta Ads,0.84
8867,2023-09-15,Google Ads,1.98
9440,2023-11-12,Meta Ads,1.96
5616,2024-01-31,Message,0.71
9788,2024-01-06,Google Ads,0.9
1685,2024-02-29,Google Ads,0.56
1569,2024-03-07,Meta Ads,0.8
5319,2023-02-28,Message,0.89
8595,2023-04-20,Email,0.23
4100,2023-08-04,Message,0.74
6182,2024-05-21,Email,0.46
2179,2023-08-12,Message,0.81
6802,2023-11-11,Message,0.68