user_id,app_installed,date_app_installed
2824,Yes,2023-08-28
9928,Yes,2023-04-03
6635,Yes,2023-09-03
5741,Yes,2023-07-16
4598,Yes,2023-12-10
8517,Yes,2023-08-21
2743,Yes,2023-02-27
6947,Yes,2023-07-26
7932,Yes,2023-05-18
8744,Yes,2023-11-01
2790,Yes,2023-12-06
4872,Yes,2023-03-27
4566,Yes,2023-07-17
5033,Yes,2023-09-06
5915,Yes,2023-06-13
8179,Yes,2023-12-21
4335,Yes,2023-09-27
1653,Yes,2023-07-06
2771,Yes,2023-11-09
4114,Yes,2023-10-10
4501,Yes,2023-04-28
9486,Yes,2024-01-10
8777,Yes,2023-07-13
3503,Yes,2023-11-27
7865,Yes,2023-11-07
9031,Yes,2024-03-04
2419,Yes,2023-11-16
9464,Yes,2023-05-25
7046,Yes,2023-06-08
9779,Yes,2023-04-18
1893,Yes,2023-09-23
2213,Yes,2023-08-11
8253,Yes,2023-04-07
8381,Yes,2024-02-18
2169,Yes,2023-02-27
8078,Yes,2024-03-24
8700,Yes,2023-04-11
2899,Yes,2023-07-21
8941,Yes,2023-12-06
5781,Yes,2024-01-24
7798,Yes,2024-01-23
4090,Yes,2023-11-23
8213,Yes,2023-06-30
7751,Yes,2024-02-21
9955,Yes,2023-04-02
7484,Yes,2023-10-11
1645,Yes,2024-01-01
5210,Yes,2023-07-09
5295,Yes,2024-01-24
5986,Yes,2023-06-23
8285,Yes,2023-10-20
4990,Yes,2023-10-11
3858,Yes,2023-08-28
6277,Yes,2023-11-18
2874,Yes,2023-07-11
5176,Yes,2023-08-07
8030,Yes,2023-05-20
1502,Yes,2023-11-23
8957,Yes,2023-07-05
1897,Yes,2023-06-05
1693,Yes,2023-10-25
3754,Yes,2023-12-21
1932,Yes,2023-07-28
6543,Yes,2023-11-18
3317,Yes,2023-06-22
3953,Yes,2024-02-08
3147,Yes,2024-01-20
8684,Yes,2023-12-15
2680,Yes,2023-05-04
2337,Yes,2023-04-14
5772,Yes,2024-01-09
1713,Yes,2024-03-06
4131,Yes,2024-01-15
2293,Yes,2023-08-03
1939,Yes,2023-09-27
7077,Yes,2023-12-08
8311,Yes,2023-11-02
5757,Yes,2023-12-18
3126,Yes,2024-02-19
3981,Yes,2023-12-04
5105,Yes,2023-04-22
5336,Yes,2023-09-26
3589,Yes,2023-07-08
3007,Yes,2023-08-16
2475,Yes,2023-08-27
5333,Yes,2023-11-05
2946,Yes,2023-03-18
6456,Yes,2023-10-06
1272,Yes,2023-11-11
4968,Yes,2024-03-12
8837,Yes,2023-03-31
5876,Yes,2024-04-05
2294,Yes,2023-01-24
9700,Yes,2023-11-17
2465,Yes,2023-06-09
2758,Yes,2023-10-15
5215,Yes,2023-04-10
3303,Yes,2023-05-15
2936,Yes,2024-01-01
8714,Yes,2023-12-09
9281,Yes,2023-10-09
6049,Yes,2023-01-24
2102,Yes,2023-06-25
6224,Yes,2024-03-14
7244,Yes,2023-09-07
5177,Yes,2023-03-23
6455,Yes,2023-06-18
9401,Yes,2023-04-27
6404,Yes,2023-12-22
2217,Yes,2023-09-14
5379,Yes,2023-02-04
1154,Yes,2024-02-16
6152,Yes,2023-08-17
6666,Yes,2023-04-22
6050,Yes,2023-11-01
6315,Yes,2023-07-21
3390,Yes,2023-08-01
7483,Yes,2023-07-31
9044,Yes,2023-12-09
7703,Yes,2023-12-17
9796,Yes,2023-08-11
4389,Yes,2023-07-03
7985,Yes,2023-10-01
4371,Yes,2023-09-12
7431,Yes,2023-05-20
3316,Yes,2024-01-22
8939,Yes,2023-04-08
5729,Yes,2023-04-29
5055,Yes,2024-01-13
4390,Yes,2024-01-08
2525,Yes,2024-02-15
9105,Yes,2023-09-28
1011,Yes,2023-10-11
2559,Yes,2023-05-20
5902,Yes,2023-02-13
2646,Yes,2023-10-19
5842,Yes,2023-11-01
3830,Yes,2023-07-07
7590,Yes,2023-10-13
4909,Yes,2023-07-21
5403,Yes,2023-03-23
2685,Yes,2023-05-15
6241,Yes,2023-06-20
5777,Yes,2024-03-16
1023,Yes,2024-03-30
9515,Yes,2023-12-16
3141,Yes,2023-09-04
7660,Yes,2023-09-05
1802,Yes,2024-01-16
7098,Yes,2024-01-02
8096,Yes,2023-07-28
8848,Yes,2023-07-07
1427,Yes,2023-10-09
7363,Yes,2024-01-05
9064,Yes,2023-08-17
3235,Yes,2024-02-02
7415,Yes,2023-12-08
2453,Yes,2024-01-17
7783,Yes,2023-05-27
3787,Yes,2023-02-26
6424,Yes,2023-02-25
2435,Yes,2023-07-26
6632,Yes,2023-05-15
1568,Yes,2024-01-25
3422,Yes,2023-11-13
9561,Yes,2023-08-20
8955,Yes,2024-01-15
1331,Yes,2024-01-10
9462,Yes,2024-02-16
6730,Yes,2023-09-12
1145,Yes,2023-07-15
5950,Yes,2023-06-23
5529,Yes,2024-01-14
7628,Yes,2023-05-25
8598,Yes,2023-02-11
3470,Yes,2023-12-13
3762,Yes,2023-09-30
7112,Yes,2023-05-28
1749,Yes,2023-09-12
3768,Yes,2023-09-02
8772,Yes,2023-11-03
9154,Yes,2023-05-24
1208,Yes,2023-12-26
6615,Yes,2023-09-15
3571,Yes,2023-12-01
2291,Yes,2024-03-01
4122,Yes,2023-12-15
3903,Yes,2023-04-19
7839,Yes,2023-11-18
5835,Yes,2023-07-15
6122,Yes,2024-01-27
9418,Yes,2023-10-03
5934,Yes,2023-07-13
5809,Yes,2023-02-01
9468,Yes,2024-01-12
7950,Yes,2024-02-08
7678,Yes,2023-06-08
8170,Yes,2023-05-19
1082,Yes,2023-10-13
2143,Yes,2023-11-18
3200,Yes,2023-12-26
1305,Yes,2023-09-16
6985,Yes,2023-04-19
5600,Yes,2023-05-08
1706,Yes,2023-12-22
4548,Yes,2024-02-01
2127,Yes,2023-11-09
5155,Yes,2023-10-13
7522,Yes,2023-06-27
1086,Yes,2023-09-05
8192,Yes,2024-01-20
7544,Yes,2023-10-28
4187,Yes,2023-10-29
4985,Yes,2024-03-07
9776,Yes,2023-04-12
4965,Yes,2023-08-14
5501,Yes,2023-06-10
1137,Yes,2023-06-13
7866,Yes,2023-12-28
3450,Yes,2024-01-01
9363,Yes,2023-06-13
5773,Yes,2023-03-13
2687,Yes,2023-06-05
5655,Yes,2024-01-22
3900,Yes,2023-06-21
7753,Yes,2023-08-10
4089,Yes,2023-04-12
2121,Yes,2023-08-06
8183,Yes,2023-05-14
7429,Yes,2023-09-01
6113,Yes,2023-04-30
1983,Yes,2023-06-10
3207,Yes,2023-09-26
8362,Yes,2023-09-03
6285,Yes,2023-09-08
7814,Yes,2023-06-04
5075,Yes,2023-12-17
6319,Yes,2023-12-29
5660,Yes,2023-01-23
6827,Yes,2023-04-06
1807,Yes,2023-04-19
8046,Yes,2023-03-28
4825,Yes,2023-07-19
1372,Yes,2023-10-18
5444,Yes,2023-05-22
8503,Yes,2024-02-09
4387,Yes,2023-04-08
3384,Yes,2023-06-30
6886,Yes,2024-02-12
7767,Yes,2023-08-29
7232,Yes,2023-10-10
9456,Yes,2023-06-16
9952,Yes,2023-09-01
7292,Yes,2023-11-27
5731,Yes,2023-07-04
8794,Yes,2023-05-12
1531,Yes,2024-01-15
6901,Yes,2023-10-02
9666,Yes,2023-12-09
4812,Yes,2023-06-18
2111,Yes,2024-02-06
6434,Yes,2023-09-20
5448,Yes,2023-06-27
1755,Yes,2023-09-30
5467,Yes,2023-10-17
3806,Yes,2023-04-01
8304,Yes,2023-11-17
5227,Yes,2023-07-22
2752,Yes,2024-01-18
8063,Yes,2023-03-11
7648,Yes,2023-09-10
6885,Yes,2023-07-24
6902,Yes,2023-09-03
7813,Yes,2023-12-27
4878,Yes,2023-07-27
9574,Yes,2023-08-03
5827,Yes,2023-04-13
2259,Yes,2023-05-29
9640,Yes,2023-04-29
8602,Yes,2024-02-15
8353,Yes,2023-06-28
7408,Yes,2023-08-08
9605,Yes,2023-07-08
3915,Yes,2023-05-10
8305,Yes,2023-09-22
2148,Yes,2023-10-29
5750,Yes,2023-09-13
9856,Yes,2024-03-28
4613,Yes,2023-05-23
7801,Yes,2023-05-02
2460,Yes,2023-11-07
2442,Yes,2024-01-24
4409,Yes,2023-02-26
7759,Yes,2023-04-25
4181,Yes,2023-07-16
8014,Yes,2023-07-18
8852,Yes,2023-02-16
5994,Yes,2024-03-01
6454,Yes,2023-08-29
1669,Yes,2023-06-07
5380,Yes,2023-05-06
8501,Yes,2023-06-09
9870,Yes,2023-10-14
3161,Yes,2024-02-15
3514,Yes,2023-08-19
9845,Yes,2023-06-01
4197,Yes,2023-10-18
9381,Yes,2023-10-15
8278,Yes,2023-04-13
7708,Yes,2023-09-18
8593,Yes,2023-09-09
6917,Yes,2023-05-28
2251,Yes,2023-08-14
4438,Yes,2023-02-14
6698,Yes,2023-05-05
6149,Yes,2023-05-29
7672,Yes,2024-01-18
3764,Yes,2023-08-28
3414,Yes,2023-03-02
2792,Yes,2023-10-12
6779,Yes,2024-03-24
7749,Yes,2023-06-24
8695,Yes,2023-06-30
2234,Yes,2023-06-28
2256,Yes,2023-05-24
8656,Yes,2023-10-10
7757,Yes,2023-10-20
1606,Yes,2023-11-22
2479,Yes,2023-10-12
6134,Yes,2023-10-22
2850,Yes,2023-09-10
3625,Yes,2023-06-27
7722,Yes,2023-07-19
7182,Yes,2023-09-15
5262,Yes,2023-04-26
8682,Yes,2023-12-30
8715,Yes,2023-07-11
9253,Yes,2023-09-13
3703,Yes,2023-04-20
8653,Yes,2023-11-30
9335,Yes,2023-04-24
2998,Yes,2023-04-09
1797,Yes,2023-01-20
4411,Yes,2023-09-03
7358,Yes,2023-08-18
2297,Yes,2023-03-26
5151,Yes,2023-11-22
8371,Yes,2023-09-14
5764,Yes,2023-05-12
6681,Yes,2024-01-03
7395,Yes,2023-12-31
9089,Yes,2023-08-21
8968,Yes,2023-10-21
3736,Yes,2023-04-13
8251,Yes,2023-11-29
1947,Yes,2024-03-05
8244,Yes,2023-12-29
3043,Yes,2023-08-19
5057,Yes,2023-05-07
9622,Yes,2024-01-07
9408,Yes,2023-03-01
3511,Yes,2023-03-01
9235,Yes,2023-11-03
9052,Yes,2023-06-22
5187,Yes,2023-04-08
6311,Yes,2023-05-04
8615,Yes,2023-08-19
9199,Yes,2023-02-28
1156,Yes,2023-12-27
1138,Yes,2024-01-05
1602,Yes,2023-04-07
3101,Yes,2024-02-18
1849,Yes,2023-02-09
4188,Yes,2023-10-10
1393,Yes,2023-12-31
8314,Yes,2023-11-16
7581,Yes,2023-05-14
1201,Yes,2023-03-13
1722,Yes,2023-06-24
1894,Yes,2023-08-20
3658,Yes,2023-07-14
2818,Yes,2023-05-21
8037,Yes,2023-04-17
2333,Yes,2023-10-03
1599,Yes,2023-07-27
4771,Yes,2023-11-21
6883,Yes,2023-08-06
5496,Yes,2023-04-17
8773,Yes,2023-10-15
3102,Yes,2023-05-21
3910,Yes,2023-05-20
1180,Yes,2023-08-03
8778,Yes,2023-08-07
1640,Yes,2023-07-20
6341,Yes,2023-07-27
8606,Yes,2023-02-18
1183,Yes,2023-10-24
4305,Yes,2023-04-02
9396,Yes,2023-09-14
1196,Yes,2024-03-03
6314,Yes,2023-07-14
4808,Yes,2023-05-09
1885,Yes,2023-10-24
3318,Yes,2023-04-28
5079,Yes,2023-12-07
8897,Yes,2023-06-29
8688,Yes,2024-01-01
3660,Yes,2023-09-01
5143,Yes,2024-02-04
1025,Yes,2023-03-25
1966,Yes,2023-07-01
2651,Yes,2023-07-26
6521,Yes,2023-12-04
5072,Yes,2023-09-01
8800,Yes,2024-03-19
6452,Yes,2023-03-19
6574,Yes,2024-02-12
6237,Yes,2023-10-16
3389,Yes,2023-05-21
4450,Yes,2023-10-22
6706,Yes,2023-11-07
9444,Yes,2023-08-06
8292,Yes,2023-08-02
3051,Yes,2023-12-12
4399,Yes,2024-01-07
1573,Yes,2023-09-26
6127,Yes,2023-03-22
7914,Yes,2024-01-08
4156,Yes,2023-09-12
7664,Yes,2023-05-08
6716,Yes,2023-09-08
5244,Yes,2023-06-19
6799,Yes,2023-12-30
9074,Yes,2024-03-24
9652,Yes,2023-07-11
5092,Yes,2023-07-15
8542,Yes,2024-01-04
1113,Yes,2023-03-21
4251,Yes,2023-09-28
7370,Yes,2023-09-14
5623,Yes,2023-03-10
3436,Yes,2023-05-12
7980,Yes,2023-02-08
6269,Yes,2023-04-02
5521,Yes,2024-04-06
4309,Yes,2023-09-22
9255,Yes,2023-06-07
4015,Yes,2023-04-12
3427,Yes,2024-02-23
4341,Yes,2024-03-20
1339,Yes,2023-11-07
2392,Yes,2024-02-03
2684,Yes,2024-02-25
7303,Yes,2024-03-12
2389,Yes,2023-12-21
3435,Yes,2023-07-16
7911,Yes,2023-08-21
3283,Yes,2024-02-02
9222,Yes,2024-01-02
2264,Yes,2023-07-16
3666,Yes,2023-04-25
6056,Yes,2023-11-10
1612,Yes,2023-08-02
2428,Yes,2023-08-18
5696,Yes,2023-11-19
1130,Yes,2024-03-22
7230,Yes,2023-07-06
2338,Yes,2024-01-30
8890,Yes,2023-12-26
3416,Yes,2023-08-29
4541,Yes,2023-08-07
6770,Yes,2023-07-13
8167,Yes,2023-07-17
1534,Yes,2023-10-10
5384,Yes,2023-10-07
7412,Yes,2023-05-30
3069,Yes,2023-03-27
3138,Yes,2023-10-08
2694,Yes,2024-02-13
2250,Yes,2023-04-30
5169,Yes,2023-05-08
2506,Yes,2024-02-06
8992,Yes,2023-07-24
9691,Yes,2023-09-01
6268,Yes,2023-06-29
6244,Yes,2023-04-30
1076,Yes,2023-05-19
6665,Yes,2023-05-14
7218,Yes,2023-12-16
7931,Yes,2023-09-06
9698,Yes,2023-04-18
4597,Yes,2023-12-20
5395,Yes,2023-04-04
8458,Yes,2024-02-23
8742,Yes,2023-12-28
9940,Yes,2023-08-03
6715,Yes,2023-08-10
3410,Yes,2023-05-23
3022,Yes,2023-03-26
4223,Yes,2023-12-13
3280,Yes,2023-05-25
9627,Yes,2023-11-23
5954,Yes,2023-04-09
5426,Yes,2023-05-05
3535,Yes,2023-02-18
9287,Yes,2023-03-31
9956,Yes,2023-02-26
8488,Yes,2024-03-12
9602,Yes,2023-04-29
6309,Yes,2023-09-28
8168,Yes,2023-06-24
9653,Yes,2023-06-05
4777,Yes,2023-10-21
9944,Yes,2023-06-26
2194,Yes,2023-08-22
6738,Yes,2023-09-17
7180,Yes,2023-04-30
1164,Yes,2023-07-11
6146,Yes,2023-10-07
3246,Yes,2023-12-11
5428,Yes,2023-03-18
4021,Yes,2023-12-29
1935,Yes,2023-11-14
5495,Yes,2023-06-13
6259,Yes,2024-02-11
8216,Yes,2023-10-08
4734,Yes,2023-08-15
4882,Yes,2023-09-10
5765,Yes,2023-06-07
2285,Yes,2023-12-16
5801,Yes,2024-02-21
8932,Yes,2023-05-10
7692,Yes,2023-10-13
2196,Yes,2024-01-14
6815,Yes,2023-07-05
1687,Yes,2024-02-12
5726,Yes,2023-03-24
1422,Yes,2023-11-30
2908,Yes,2023-05-16
1583,Yes,2023-06-18
9039,Yes,2023-09-28
7425,Yes,2023-11-20
6694,Yes,2023-06-10
8240,Yes,2023-09-16
1326,Yes,2023-04-29
1397,Yes,2023-10-02
4183,Yes,2023-09-17
8325,Yes,2023-07-03
9575,Yes,2023-08-23
6128,Yes,2023-02-17
7949,Yes,2023-10-31
3936,Yes,2023-08-25
4703,Yes,2023-05-08
2676,Yes,2023-05-31
6991,Yes,2023-08-26
2007,Yes,2023-10-19
2928,Yes,2023-07-13
5042,Yes,2023-06-26
4084,Yes,2023-03-28
4451,Yes,2023-07-08
8790,Yes,2023-07-28
5138,Yes,2023-12-07
9586,Yes,2023-07-30
4024,Yes,2023-12-03
7165,Yes,2023-03-25
3918,Yes,2023-06-29
2521,Yes,2023-11-20
7626,Yes,2024-01-05
9765,Yes,2023-03-31
5615,Yes,2023-09-27
5877,Yes,2023-12-09
6658,Yes,2024-01-13
5947,Yes,2023-05-24
8158,Yes,2023-10-17
6212,Yes,2023-12-26
1205,Yes,2023-07-14
9676,Yes,2024-01-07
6767,Yes,2023-08-30
1054,Yes,2024-04-03
6325,Yes,2023-12-28
4920,Yes,2024-01-30
8559,Yes,2023-11-07
5260,Yes,2023-02-15
6942,Yes,2023-10-27
3430,Yes,2023-06-10
4996,Yes,2023-08-28
4522,Yes,2023-09-17
6384,Yes,2023-11-29
9348,Yes,2023-04-24
5916,Yes,2023-12-25
5413,Yes,2023-03-15
7697,Yes,2023-10-21
8210,Yes,2023-10-24
5522,Yes,2023-09-26
6371,Yes,2023-05-12
5243,Yes,2023-10-24
8060,Yes,2023-07-31
5441,Yes,2023-09-15
4369,Yes,2023-09-06
3905,Yes,2023-08-21
1491,Yes,2023-04-19
1244,Yes,2023-06-30
5208,Yes,2024-01-13
2724,Yes,2024-02-12
3984,Yes,2024-01-14
8425,Yes,2023-10-13
7988,Yes,2024-01-26
9370,Yes,2023-12-13
9697,Yes,2023-06-22
3230,Yes,2023-12-16
4972,Yes,2023-09-07
5513,Yes,2023-06-02
5185,Yes,2023-04-21
5354,Yes,2023-12-23
6909,Yes,2023-09-09
6389,Yes,2023-11-11
9966,Yes,2024-01-15
2481,Yes,2024-03-01
5853,Yes,2023-02-28
7311,Yes,2024-01-24
4587,Yes,2023-06-24
3109,Yes,2023-08-22
8146,Yes,2023-09-22
9041,Yes,2023-11-02
1111,Yes,2023-01-23
9109,Yes,2023-03-08
8051,Yes,2024-03-27
1969,Yes,2023-04-21
9162,Yes,2024-03-05
2765,Yes,2023-12-28
2072,Yes,2023-06-09
3219,Yes,2024-04-10
5705,Yes,2024-01-19
7306,Yes,2023-07-24
1255,Yes,2024-03-10
7927,Yes,2023-10-27
7479,Yes,2024-03-01
5202,Yes,2023-05-29
9490,Yes,2023-12-23
1716,Yes,2023-08-17
6503,Yes,2023-09-30
7716,Yes,2023-11-17
2211,Yes,2023-10-19
6782,Yes,2023-10-11
6954,Yes,2023-03-21
3567,Yes,2023-07-14
5025,Yes,2023-04-13
3467,Yes,2023-04-05
8693,Yes,2023-12-03
6937,Yes,2023-11-28
4229,Yes,2023-04-23
5591,Yes,2023-05-18
1514,Yes,2023-07-19
9398,Yes,2023-12-24
6220,Yes,2023-03-04
8549,Yes,2023-06-19
4239,Yes,2023-06-24
6922,Yes,2023-03-17
6781,Yes,2023-02-23
3474,Yes,2023-10-21
9177,Yes,2024-02-01
7062,Yes,2023-09-11
1967,Yes,2024-01-22
4193,Yes,2023-10-18
8276,Yes,2024-01-26
1915,Yes,2023-02-08
6629,Yes,2023-09-07
4694,Yes,2023-04-12
2113,Yes,2023-10-26
4368,Yes,2023-02-05
3964,Yes,2024-02-24
1819,Yes,2023-12-23
5873,Yes,2023-04-14
8859,Yes,2023-05-02
1399,Yes,2023-12-04
9922,Yes,2023-12-08
3418,Yes,2023-10-01
9850,Yes,2023-06-03
3698,Yes,2024-01-04
1509,Yes,2023-06-28
6751,Yes,2023-07-12
6527,Yes,2023-02-20
3969,Yes,2023-02-18
6429,Yes,2023-05-22
9083,Yes,2024-01-19
8044,Yes,2023-03-30
4039,Yes,2023-11-01
5969,Yes,2024-01-20
3382,Yes,2023-12-10
7465,Yes,2023-12-16
8090,Yes,2023-05-21
3248,Yes,2024-01-01
4922,Yes,2024-01-14
9521,Yes,2024-01-04
8521,Yes,2023-09-06
7889,Yes,2023-04-28
9986,Yes,2023-11-20
5370,Yes,2023-04-05
5419,Yes,2023-09-30
8130,Yes,2023-08-28
4393,Yes,2023-06-24
9043,Yes,2024-01-10
6973,Yes,2023-04-03
8141,Yes,2024-04-07
3751,Yes,2023-06-04
7021,Yes,2023-06-12
3331,Yes,2023-08-05
7333,Yes,2024-01-20
3391,Yes,2023-06-17
1834,Yes,2023-11-03
4216,Yes,2023-11-01
5180,Yes,2023-12-27
5228,Yes,2023-07-11
7630,Yes,2024-01-02
7869,Yes,2023-04-15
9058,Yes,2023-05-10
2348,Yes,2023-09-19
2433,Yes,2023-10-01
9619,Yes,2023-12-21
6877,Yes,2023-04-15
7402,Yes,2023-12-14
3689,Yes,2023-03-14
1151,Yes,2023-10-16
8453,Yes,2024-02-11
4651,Yes,2023-05-02
4847,Yes,2024-03-10
5230,Yes,2024-01-07
5424,Yes,2024-01-14
2415,Yes,2023-05-22
8920,Yes,2023-04-03
6823,Yes,2023-04-12
1532,Yes,2023-07-23
4478,Yes,2023-08-30
5408,Yes,2023-06-16
5056,Yes,2023-08-15
4897,Yes,2023-03-18
2877,Yes,2024-01-05
3178,Yes,2023-07-30
9501,Yes,2023-06-20
8099,Yes,2024-02-04
2069,Yes,2023-12-25
8961,Yes,2023-03-11
2755,Yes,2023-07-18
4069,Yes,2023-08-01
6507,Yes,2023-05-16
7756,Yes,2023-11-18
8370,Yes,2024-01-30
9020,Yes,2023-10-06
3691,Yes,2023-05-10
3581,Yes,2023-07-10
3215,Yes,2023-09-04
2532,Yes,2023-07-09
9957,Yes,2023-09-10
8877,Yes,2023-02-06
3423,Yes,2023-05-02
1800,Yes,2023-12-25
9383,Yes,2023-11-04
1278,Yes,2023-11-09
5237,Yes,2023-11-28
3799,Yes,2023-12-24
7392,Yes,2023-07-08
7736,Yes,2023-10-31
6569,Yes,2023-12-16
6292,Yes,2024-02-17
1481,Yes,2023-11-24
2961,Yes,2023-04-14
5505,Yes,2023-07-01
2448,Yes,2023-11-09
8952,Yes,2023-10-17
8330,Yes,2023-08-27
1376,Yes,2023-12-22
1286,Yes,2023-06-23
5358,Yes,2024-01-27
5375,Yes,2023-03-03
1903,Yes,2023-02-10
2198,Yes,2023-06-29
9114,Yes,2023-12-27
1781,Yes,2024-03-29
6147,Yes,2023-02-27
7912,Yes,2023-07-01
1805,Yes,2023-09-10
5098,Yes,2023-12-31
3988,Yes,2024-03-13
7636,Yes,2023-09-23
6997,Yes,2023-09-01
8482,Yes,2023-12-22
9884,Yes,2023-12-30
8231,Yes,2023-10-08
9719,Yes,2024-01-02
4890,Yes,2024-02-24
5396,Yes,2023-08-19
2689,Yes,2023-08-06
2674,Yes,2023-12-28
5707,Yes,2023-07-04
7983,Yes,2023-10-12
3156,Yes,2023-10-29
6444,Yes,2024-01-05
4638,Yes,2023-09-24
2734,Yes,2023-08-11
8588,Yes,2023-05-31
1535,Yes,2023-12-31
8256,Yes,2024-02-27
7997,Yes,2023-05-28
3001,Yes,2023-04-14
8320,Yes,2023-09-29
9010,Yes,2023-01-11
5949,Yes,2023-11-19
3743,Yes,2023-05-29
9189,Yes,2023-04-25
7597,Yes,2023-06-23
4414,Yes,2023-12-18
6351,Yes,2024-02-08
3135,Yes,2023-04-15
8259,Yes,2023-04-11
3598,Yes,2023-07-28
2063,Yes,2023-02-23
1973,Yes,2023-06-28
9458,Yes,2023-08-26
5038,Yes,2023-06-01
6821,Yes,2023-12-22
8200,Yes,2023-02-19
7602,Yes,2023-04-04
5303,Yes,2023-08-28
9141,Yes,2023-12-12
2631,Yes,2024-02-28
1899,Yes,2023-04-04
8281,Yes,2023-11-07
8393,Yes,2023-04-23
1767,Yes,2023-08-10
7938,Yes,2023-08-05
1740,Yes,2023-03-05
1190,Yes,2023-09-26
5067,Yes,2024-01-01
1717,Yes,2024-01-01
5482,Yes,2023-08-14
3383,Yes,2023-12-31
7485,Yes,2023-03-15
8827,Yes,2023-06-16
7730,Yes,2023-06-28
5099,Yes,2023-06-24
6966,Yes,2023-12-27
4019,Yes,2023-03-23
8404,Yes,2024-02-11
9247,Yes,2023-11-26
1876,Yes,2024-02-07
3864,Yes,2023-09-16
5672,Yes,2023-08-16
7523,Yes,2023-11-13
1193,Yes,2023-05-21
6889,Yes,2023-12-11
6251,Yes,2024-04-19
8884,Yes,2024-02-25
4709,Yes,2023-09-14
9432,Yes,2023-05-21
7323,Yes,2023-12-19
4854,Yes,2024-02-05
2600,Yes,2023-06-29
7388,Yes,2023-04-23
8522,Yes,2023-08-31
8024,Yes,2023-02-21
2288,Yes,2023-08-12
2478,Yes,2023-09-05
3665,Yes,2023-07-15
1743,Yes,2023-06-19
1965,Yes,2023-06-10
8002,Yes,2024-02-09
5201,Yes,2023-07-04
5212,Yes,2023-03-05
6763,Yes,2024-01-01
4733,Yes,2023-09-16
2666,Yes,2023-10-26
7653,Yes,2024-02-19
1831,Yes,2024-02-27
4542,Yes,2023-04-03
9892,Yes,2023-06-29
4958,Yes,2023-09-08
7176,Yes,2023-12-17
4008,Yes,2024-01-20
1523,Yes,2023-07-03
4603,Yes,2023-06-06
1760,Yes,2024-02-15
1404,Yes,2023-09-09
3800,Yes,2023-10-27
2336,Yes,2023-08-31
7151,Yes,2023-04-13
1884,Yes,2023-09-04
9159,Yes,2023-04-08
4228,Yes,2023-09-29
1477,Yes,2023-07-08
7011,Yes,2023-09-21
5173,Yes,2023-05-17
4109,Yes,2023-12-01
2661,Yes,2024-03-02
2386,Yes,2023-09-13
4684,Yes,2024-03-19
5400,Yes,2023-09-01
6293,Yes,2023-05-21
5684,Yes,2023-08-31
7760,Yes,2024-03-22
5601,Yes,2023-11-25
7732,Yes,2023-07-13
2014,Yes,2024-02-15
3919,Yes,2024-02-26
2992,Yes,2023-04-11
4716,Yes,2023-09-03
9311,Yes,2023-12-05
4275,Yes,2023-09-20
6313,Yes,2023-05-25
6795,Yes,2023-06-02
4871,Yes,2023-05-09
6986,Yes,2024-03-01
5385,Yes,2023-12-17
1986,Yes,2023-05-18
4306,Yes,2023-07-13
4407,Yes,2023-06-10
3371,Yes,2023-12-11
1019,Yes,2023-12-11
7989,Yes,2023-10-30
4055,Yes,2023-10-30
7029,Yes,2024-03-10
7782,Yes,2023-12-24
5234,Yes,2023-08-11
8815,Yes,2023-03-20
3839,Yes,2023-03-06
5557,Yes,2023-05-11
8560,Yes,2023-06-18
6906,Yes,2023-12-23
3223,Yes,2024-01-15
9851,Yes,2023-06-07
6517,Yes,2023-07-25
2766,Yes,2023-06-18
7993,Yes,2023-05-07
4551,Yes,2023-12-05
6894,Yes,2023-06-15
9745,Yes,2023-03-20
1772,Yes,2023-05-31
5125,Yes,2023-02-03
9332,Yes,2023-11-22
8343,Yes,2023-11-11
7725,Yes,2023-03-22
5246,Yes,2023-03-04
2371,Yes,2024-04-02
5881,Yes,2023-12-08
8871,Yes,2023-11-03
8315,Yes,2023-07-05
1343,Yes,2023-01-18
3940,Yes,2023-10-03
8081,Yes,2024-02-15
2364,Yes,2023-06-08
4696,Yes,2023-10-01
7922,Yes,2024-04-06
6798,Yes,2024-01-26
1368,Yes,2023-11-24
6766,Yes,2023-11-19
9503,Yes,2023-02-25
3730,Yes,2023-11-26
3935,Yes,2023-04-24
2736,Yes,2023-03-17
6830,Yes,2023-12-27
1319,Yes,2023-11-08
1708,Yes,2024-01-30
8826,Yes,2023-10-20
8870,Yes,2024-02-07
5709,Yes,2023-03-02
5435,Yes,2023-05-18
2894,Yes,2023-07-27
8726,Yes,2023-04-22
4328,Yes,2023-06-26
1613,Yes,2023-05-26
2025,Yes,2023-05-31
7250,Yes,2023-09-14
8045,Yes,2023-06-04
1277,Yes,2023-09-03
8176,Yes,2023-12-07
2212,Yes,2023-07-02
9570,Yes,2023-04-19
6514,Yes,2023-09-10
4621,Yes,2023-01-04
9726,Yes,2023-04-17
1999,Yes,2023-05-12
4964,Yes,2024-02-15
8486,Yes,2023-04-17
2717,Yes,2023-10-10
1354,Yes,2024-01-10
6744,Yes,2024-02-27
5439,Yes,2023-11-16
6884,Yes,2024-03-28
4052,Yes,2023-09-20
1119,Yes,2023-10-21
6071,Yes,2023-05-08
4524,Yes,2023-04-29
9908,Yes,2023-06-30
1567,Yes,2023-02-14
5159,Yes,2024-04-03
3370,Yes,2024-01-03
5421,Yes,2023-02-08
8705,Yes,2023-03-27
2809,Yes,2023-08-10
9416,Yes,2023-11-18
2451,Yes,2024-01-31
1159,Yes,2023-10-25
7607,Yes,2023-05-12
9101,Yes,2023-12-12
5002,Yes,2023-04-06
1297,Yes,2023-07-15
9410,Yes,2023-12-21
2903,Yes,2023-06-28
7691,Yes,2023-08-13
3049,Yes,2024-02-07
7864,Yes,2024-01-14
5251,Yes,2024-02-20
7556,Yes,2023-09-07
6924,Yes,2024-02-24
7199,Yes,2024-01-29
2656,Yes,2023-06-14
5710,Yes,2023-12-24
7577,Yes,2023-05-06
8645,Yes,2024-01-09
6974,Yes,2023-10-22
1921,Yes,2023-11-02
9773,Yes,2023-11-23
5803,Yes,2023-06-08
8735,Yes,2023-10-15
7661,Yes,2023-08-11
5797,Yes,2024-03-02
7177,Yes,2024-02-18
6398,Yes,2023-03-01
7280,Yes,2023-02-16
9192,Yes,2023-12-20
5857,Yes,2024-02-22
4046,Yes,2023-09-24
3266,Yes,2023-11-27
7070,Yes,2023-04-29
6270,Yes,2024-02-12
8812,Yes,2023-09-15
9057,Yes,2024-03-17
7960,Yes,2023-09-21
5401,Yes,2023-05-11
7770,Yes,2023-09-19
7515,Yes,2023-04-22
2425,Yes,2024-02-23
5976,Yes,2024-02-20
1355,Yes,2023-11-19
9883,Yes,2023-01-25
7131,Yes,2023-09-26
5023,Yes,2023-02-20
5414,Yes,2023-08-17
2232,Yes,2023-09-29
3962,Yes,2024-03-15
3324,Yes,2023-03-11
4772,Yes,2024-01-27
8552,Yes,2023-04-23
8915,Yes,2023-06-08
8828,Yes,2023-10-19
3828,Yes,2024-01-03
2485,Yes,2023-04-21
7715,Yes,2023-11-27
1766,Yes,2023-12-28
1169,Yes,2023-08-11
2526,Yes,2023-10-17
7362,Yes,2023-05-31
8018,Yes,2023-05-21
3241,Yes,2023-08-09
2272,Yes,2023-02-02
3443,Yes,2024-02-22
6952,Yes,2023-07-07
8209,Yes,2023-08-28
9386,Yes,2023-01-15
6159,Yes,2023-06-17
4374,Yes,2023-08-23
3521,Yes,2023-03-19
9774,Yes,2023-03-29
6570,Yes,2023-07-31
9224,Yes,2023-01-08
7588,Yes,2023-09-15
8650,Yes,2023-04-14
5837,Yes,2023-10-31
1963,Yes,2023-09-28
7961,Yes,2023-04-11
7052,Yes,2023-10-18
3119,Yes,2023-08-28
2190,Yes,2023-08-24
8822,Yes,2024-01-27
5047,Yes,2024-01-28
2103,Yes,2023-06-06
4803,Yes,2024-02-28
2395,Yes,2023-05-31
6035,Yes,2024-04-23
6728,Yes,2023-02-14
5886,Yes,2023-11-09
6164,Yes,2023-05-07
6992,Yes,2024-04-15
5073,Yes,2024-01-20
4385,Yes,2023-09-24
9283,Yes,2023-11-20
7202,Yes,2023-06-27
8451,Yes,2023-02-20
2040,Yes,2023-07-12
1222,Yes,2023-06-17
7444,Yes,2024-03-02
2937,Yes,2024-01-07
4058,Yes,2023-11-07
6396,Yes,2024-01-08
7654,Yes,2024-02-09
7881,Yes,2023-07-28
6982,Yes,2023-07-29
2013,Yes,2023-07-08
6240,Yes,2023-07-18
3016,Yes,2023-07-21
5003,Yes,2023-06-24
3183,Yes,2023-06-16
8197,Yes,2023-12-02
1002,Yes,2023-11-29
1061,Yes,2023-05-30
2235,Yes,2023-10-03
7010,Yes,2024-03-01
5298,Yes,2023-05-25
9291,Yes,2023-04-01
2652,Yes,2023-01-13
2199,Yes,2023-07-26
8554,Yes,2023-09-25
7298,Yes,2024-01-04
5412,Yes,2023-10-27
3305,Yes,2023-06-02
3820,Yes,2023-07-16
7976,Yes,2023-05-15
1794,Yes,2023-11-04
6515,Yes,2023-08-20
4649,Yes,2024-03-03
2862,Yes,2023-11-22
3607,Yes,2023-04-14
1040,Yes,2023-11-16
7788,Yes,2023-12-02
4735,Yes,2023-06-19
1951,Yes,2023-12-25
8847,Yes,2023-12-19
9847,Yes,2023-05-14
4595,Yes,2023-03-23
6372,Yes,2023-06-27
1699,Yes,2023-07-22
6098,Yes,2023-07-08
7447,Yes,2023-11-08
5374,Yes,2023-12-19
1618,Yes,2023-09-23
8091,Yes,2023-04-25
5480,Yes,2023-05-07
4954,Yes,2024-02-17
7780,Yes,2024-03-12
4420,Yes,2023-07-01
1440,Yes,2023-11-03
5035,Yes,2023-04-29
9971,Yes,2023-07-16
4951,Yes,2023-09-16
6190,Yes,2023-03-30
9656,Yes,2023-09-10
1866,Yes,2023-05-15
9228,Yes,2023-05-29
5195,Yes,2023-03-18
3885,Yes,2023-07-22
9470,Yes,2023-08-06
5889,Yes,2023-12-20
6842,Yes,2024-03-13
7623,Yes,2023-06-09
7624,Yes,2023-06-22
4318,Yes,2024-01-04
8536,Yes,2023-04-19
7717,Yes,2023-04-09
1451,Yes,2024-02-03
1540,Yes,2024-01-08
4432,Yes,2023-12-07
9532,Yes,2023-07-14
9357,Yes,2023-06-20
3486,Yes,2023-02-27
9976,Yes,2023-11-09
5520,Yes,2023-06-19
7584,Yes,2023-06-29
7271,Yes,2023-02-16
7747,Yes,2023-05-24
3340,Yes,2023-02-21
2511,Yes,2024-01-08
8258,Yes,2023-04-17
9854,Yes,2023-11-09
8440,Yes,2024-04-19
1408,Yes,2023-11-10
6294,Yes,2023-10-10
3510,Yes,2023-09-11
9389,Yes,2023-09-14
4017,Yes,2023-05-23
6538,Yes,2023-08-01
3290,Yes,2023-04-20
9873,Yes,2024-03-03
4529,Yes,2023-06-19
4697,Yes,2023-11-25
2048,Yes,2023-10-10
5844,Yes,2023-12-19
2865,Yes,2023-04-10
6828,Yes,2023-03-16
1473,Yes,2023-05-11
7225,Yes,2023-03-29
2611,Yes,2024-02-17
6176,Yes,2023-05-06
5718,Yes,2024-02-11
1888,Yes,2023-10-26
8161,Yes,2023-12-07
7668,Yes,2023-12-07
9898,Yes,2024-02-18
5148,Yes,2023-11-04
2533,Yes,2024-04-07
1585,Yes,2023-10-20
4559,Yes,2023-04-03
8385,Yes,2023-08-10
2748,Yes,2023-01-26
1682,Yes,2023-07-13
3456,Yes,2024-02-03
8896,Yes,2023-03-27
8569,Yes,2024-03-03
1072,Yes,2023-10-22
8686,Yes,2023-03-16
1787,Yes,2023-06-19
5612,Yes,2023-01-22
5661,Yes,2023-06-16
4062,Yes,2023-10-25
2414,Yes,2024-01-25
1858,Yes,2023-09-05
3944,Yes,2024-04-20
8088,Yes,2023-12-10
6832,Yes,2023-09-12
6857,Yes,2023-08-29
7505,Yes,2023-10-24
2739,Yes,2024-01-08
1403,Yes,2023-05-29
2520,Yes,2023-10-13
7578,Yes,2023-12-22
1223,Yes,2023-09-01
5723,Yes,2023-10-15
9076,Yes,2023-08-14
5860,Yes,2023-01-20
8548,Yes,2023-08-23
6006,Yes,2023-11-11
8658,Yes,2023-07-08
4666,Yes,2023-09-17
4025,Yes,2023-06-09
2314,Yes,2023-12-28
7846,Yes,2024-02-01
5216,Yes,2023-11-27
8069,Yes,2024-03-16
7861,Yes,2023-09-07
2047,Yes,2023-09-07
8926,Yes,2023-09-08
2366,Yes,2023-06-19
8930,Yes,2023-04-08
3909,Yes,2023-10-20
3165,Yes,2023-01-24
4850,Yes,2023-12-11
4892,Yes,2023-03-29
1379,Yes,2023-06-14
4048,Yes,2024-03-02
8219,Yes,2023-06-21
7238,Yes,2023-10-19
4546,Yes,2023-09-02
3378,Yes,2023-05-21
9615,Yes,2023-09-14
2808,Yes,2023-11-25
2551,Yes,2023-03-22
4461,Yes,2023-08-23
6702,Yes,2023-08-12
4840,Yes,2023-07-20
5461,Yes,2023-05-19
9880,Yes,2023-09-16
1142,Yes,2023-09-03
2522,Yes,2023-12-16
5812,Yes,2023-07-22
1236,Yes,2023-07-16
2488,Yes,2023-07-22
6096,Yes,2023-10-12
2071,Yes,2023-06-24
4302,Yes,2023-09-09
6930,Yes,2023-08-22
6691,Yes,2023-08-27
7633,Yes,2023-09-07
9459,Yes,2024-01-27
8214,Yes,2023-10-08
7297,Yes,2023-07-14
6490,Yes,2023-09-24
9799,Yes,2023-10-30
2377,Yes,2023-04-23
7921,Yes,2023-09-11
7908,Yes,2023-04-18
8282,Yes,2024-03-23
9231,Yes,2024-02-16
1369,Yes,2023-10-10
1762,Yes,2023-04-21
4281,Yes,2023-02-04
7538,Yes,2023-08-11
1000,Yes,2023-07-01
3688,Yes,2023-05-01
3548,Yes,2023-09-10
5150,Yes,2023-11-11
8878,Yes,2023-04-16
9423,Yes,2024-02-20
1948,Yes,2023-11-03
3913,Yes,2023-11-27
4097,Yes,2023-06-29
4165,Yes,2023-07-17
1964,Yes,2023-10-11
2344,Yes,2023-08-28
9082,Yes,2023-11-02
3415,Yes,2024-02-23
7539,Yes,2023-03-23
2536,Yes,2023-09-06
4893,Yes,2024-01-03
2304,Yes,2023-06-13
2999,Yes,2023-04-18
1922,Yes,2023-09-03
9762,Yes,2023-07-10
9355,Yes,2024-01-01
8493,Yes,2023-08-01
5394,Yes,2023-08-29
9871,Yes,2023-12-30
9292,Yes,2023-06-15
5465,Yes,2023-11-02
2031,Yes,2023-09-06
8438,Yes,2023-06-04
1041,Yes,2023-09-30
5897,Yes,2023-07-10
8289,Yes,2024-02-17
8076,Yes,2023-08-07
5299,Yes,2023-09-24
7129,Yes,2023-12-27
6933,Yes,2023-01-23
1298,Yes,2023-08-27
9180,Yes,2023-08-18
6121,Yes,2024-01-14
8019,Yes,2023-11-28
2744,Yes,2023-12-15
1412,Yes,2023-12-15
7259,Yes,2024-03-31
7258,Yes,2023-03-12
1026,Yes,2023-11-17
7114,Yes,2023-11-23
9208,Yes,2023-03-31
4779,Yes,2023-12-21
6441,Yes,2023-12-01
9427,Yes,2023-08-22
6345,Yes,2023-05-02
1439,Yes,2023-07-23
4798,Yes,2023-11-18
8136,Yes,2024-02-29
5325,Yes,2023-05-07
6585,Yes,2024-01-29
6752,Yes,2024-01-13
8193,Yes,2023-04-07
2399,Yes,2023-07-02
5236,Yes,2023-05-08
1795,Yes,2023-05-31
6095,Yes,2023-05-07
3158,Yes,2023-05-14
2853,Yes,2023-02-28
2287,Yes,2023-09-19
1171,Yes,2023-03-08
6979,Yes,2023-07-23
3447,Yes,2023-12-06
3046,Yes,2023-10-13
8663,Yes,2023-11-24
6036,Yes,2023-07-29
7860,Yes,2023-11-13
4960,Yes,2023-11-23
9547,Yes,2023-12-22
2350,Yes,2023-07-04
8426,Yes,2023-08-23
3047,Yes,2023-06-08
4473,Yes,2023-06-21
8887,Yes,2023-11-07
8514,Yes,2023-08-31
6255,Yes,2023-06-16
9146,Yes,2023-11-30
9789,Yes,2023-11-12
8297,Yes,2023-12-21
8751,Yes,2023-04-23
1561,Yes,2023-07-18
8636,Yes,2023-09-10
6679,Yes,2023-05-24
6531,Yes,2023-06-17
3401,Yes,2023-12-08
8881,Yes,2023-06-11
6604,Yes,2023-08-05
2595,Yes,2024-04-23
9550,Yes,2023-07-23
8669,Yes,2023-08-28
8067,Yes,2023-12-14
7820,Yes,2023-07-31
2991,Yes,2024-01-18
6600,Yes,2024-01-21
8739,Yes,2023-09-07
2070,Yes,2023-03-27
7365,Yes,2023-03-04
5037,Yes,2024-02-04
1605,Yes,2023-05-30
6843,Yes,2023-10-13
1434,Yes,2023-10-20
2829,Yes,2024-03-30
4212,Yes,2023-12-24
1401,Yes,2023-06-14
1080,Yes,2023-10-06
3844,Yes,2023-09-21
1839,Yes,2023-10-26
8638,Yes,2023-03-22
2083,Yes,2023-12-14
7591,Yes,2023-11-18
5229,Yes,2023-10-26
6250,Yes,2023-10-06
1109,Yes,2023-11-23
2105,Yes,2024-02-25
7438,Yes,2023-06-27
9597,Yes,2023-03-12
8699,Yes,2023-08-13
1300,Yes,2024-03-21
3205,Yes,2024-02-24
2832,Yes,2023-08-14
7405,Yes,2023-10-08
3123,Yes,2023-11-08
7102,Yes,2024-01-16
1938,Yes,2024-01-16
6232,Yes,2023-03-17
9743,Yes,2023-04-10
4360,Yes,2023-11-24
9123,Yes,2023-12-22
1838,Yes,2023-05-23
8403,Yes,2023-03-26
9140,Yes,2023-03-07
4167,Yes,2023-11-20
6571,Yes,2023-08-29
3553,Yes,2023-11-22
6905,Yes,2023-03-18
3520,Yes,2024-04-05
7078,Yes,2023-12-30
4545,Yes,2023-11-14
3328,Yes,2023-07-08
1608,Yes,2023-08-07
2393,Yes,2023-08-02
6310,Yes,2023-07-28
8506,Yes,2023-12-12
2166,Yes,2023-12-20
7517,Yes,2023-11-08
3187,Yes,2024-02-11
2941,Yes,2023-04-09
9977,Yes,2023-03-14
2738,Yes,2023-05-30
8711,Yes,2023-10-06
2887,Yes,2023-06-18
7125,Yes,2023-11-24
6267,Yes,2024-02-03
5618,Yes,2024-01-19
2320,Yes,2023-11-28
9876,Yes,2023-12-06
8126,Yes,2023-08-11
4971,Yes,2023-10-04
6493,Yes,2023-11-03
3887,Yes,2023-06-07
1234,Yes,2023-09-08
6794,Yes,2023-08-15
6178,Yes,2023-03-17
2298,Yes,2023-09-30
5800,Yes,2024-03-01
4984,Yes,2023-05-14
6564,Yes,2023-10-29
1684,Yes,2023-06-02
7903,Yes,2023-11-04
4395,Yes,2023-09-19
7934,Yes,2023-04-03
1873,Yes,2023-08-02
1346,Yes,2023-08-02
7076,Yes,2023-12-09
3146,Yes,2023-04-12
1928,Yes,2023-06-04
8838,Yes,2023-06-03
9230,Yes,2023-03-24
3710,Yes,2023-10-23
9655,Yes,2023-05-09
2541,Yes,2023-04-25
6260,Yes,2023-05-12
9507,Yes,2023-12-13
9254,Yes,2023-01-25
5602,Yes,2023-09-03
2076,Yes,2024-01-27
9875,Yes,2023-12-08
7124,Yes,2023-08-18
2996,Yes,2023-09-17
7784,Yes,2023-08-11
5417,Yes,2023-12-06
6157,Yes,2023-11-15
3059,Yes,2023-02-25
7658,Yes,2024-01-25
8763,Yes,2023-11-02
5811,Yes,2023-05-14
5662,Yes,2023-08-04
8620,Yes,2023-09-15
5725,Yes,2024-02-25
9059,Yes,2024-02-15
2060,Yes,2023-05-27
2688,Yes,2023-02-11
1989,Yes,2023-08-14
7594,Yes,2024-01-10
4683,Yes,2023-12-23
7082,Yes,2023-06-16
7548,Yes,2023-11-02
4422,Yes,2023-10-12
3895,Yes,2024-02-06
1557,Yes,2023-04-12
8976,Yes,2024-02-20
7326,Yes,2023-12-22
8377,Yes,2024-02-10
9484,Yes,2024-02-02
6871,Yes,2023-07-28
7793,Yes,2023-04-02
1953,Yes,2023-12-23
8556,Yes,2023-03-10
5953,Yes,2023-07-09
6948,Yes,2023-04-25
6735,Yes,2023-05-27
6648,Yes,2023-09-26
9324,Yes,2024-03-16
5885,Yes,2023-08-09
1737,Yes,2023-12-13
2342,Yes,2023-02-28
2484,Yes,2023-08-08
2335,Yes,2023-07-25
7923,Yes,2023-12-10
4493,Yes,2023-12-06
3970,Yes,2023-06-01
9322,Yes,2023-11-11
1793,Yes,2024-01-14
6335,Yes,2023-11-10
1665,Yes,2024-01-18
2402,Yes,2024-03-17
7347,Yes,2023-06-09
7553,Yes,2024-01-29
3164,Yes,2023-12-09
8415,Yes,2023-10-01
4767,Yes,2024-02-20
6447,Yes,2023-05-15
4042,Yes,2023-09-08
8728,Yes,2023-11-25
4401,Yes,2023-07-10
5314,Yes,2023-04-27
8845,Yes,2023-06-01
1748,Yes,2023-08-19
1879,Yes,2024-02-15
9437,Yes,2024-02-02
7735,Yes,2023-08-04
4482,Yes,2024-02-07
5904,Yes,2023-11-01
7453,Yes,2023-04-06
2195,Yes,2023-11-10
9028,Yes,2023-07-19
8541,Yes,2023-08-23
8189,Yes,2023-03-17
5506,Yes,2023-11-21
9588,Yes,2023-08-08
4255,Yes,2024-02-13
1478,Yes,2023-07-20
3402,Yes,2023-04-19
5899,Yes,2023-04-09
6266,Yes,2023-06-13
8564,Yes,2023-09-08
6953,Yes,2023-10-31
6755,Yes,2023-10-23
5011,Yes,2024-03-13
6168,Yes,2023-11-13
3604,Yes,2023-08-05
3038,Yes,2023-04-18
6364,Yes,2023-12-08
2613,Yes,2024-01-10
6379,Yes,2023-09-20
3231,Yes,2024-01-31
9328,Yes,2023-06-13
3947,Yes,2024-03-10
5656,Yes,2023-08-16
4620,Yes,2024-02-03
5637,Yes,2023-09-19
6508,Yes,2023-12-02
5940,Yes,2023-11-02
1547,Yes,2023-03-10
4110,Yes,2023-12-10
2028,Yes,2023-10-20
2518,Yes,2023-08-06
5214,Yes,2023-12-13
7207,Yes,2024-01-20
4981,Yes,2023-05-13
7092,Yes,2024-01-05
5324,Yes,2023-01-25
3472,Yes,2024-01-29
7128,Yes,2023-06-18
4355,Yes,2024-01-02
9045,Yes,2023-08-19
8032,Yes,2023-04-04
8467,Yes,2023-07-04
3942,Yes,2024-01-20
6836,Yes,2023-08-20
4319,Yes,2023-11-21
7858,Yes,2023-12-13
1402,Yes,2023-11-11
5060,Yes,2024-02-26
3403,Yes,2023-08-07
9832,Yes,2023-10-16
2375,Yes,2023-07-22
5849,Yes,2023-08-18
6248,Yes,2024-01-20
1432,Yes,2023-11-24
6502,Yes,2023-02-18
2968,Yes,2023-10-19
9600,Yes,2023-11-28
6457,Yes,2024-01-15
9689,Yes,2023-09-11
3029,Yes,2023-10-08
9367,Yes,2023-07-07
4339,Yes,2023-03-21
9447,Yes,2023-12-29
9533,Yes,2023-10-24
6714,Yes,2024-02-22
5020,Yes,2023-12-14
7750,Yes,2023-08-12
8737,Yes,2023-05-22
2221,Yes,2024-03-03
6528,Yes,2024-01-05
6234,Yes,2023-09-24
2681,Yes,2023-07-17
3759,Yes,2023-08-22
9244,Yes,2023-08-15
5474,Yes,2023-06-13
7596,Yes,2023-02-23
3284,Yes,2023-12-17
4582,Yes,2023-07-19
3773,Yes,2023-11-01
4784,Yes,2023-09-26
1934,Yes,2023-03-18
6677,Yes,2023-12-26
2630,Yes,2023-06-12
5273,Yes,2024-03-14
6033,Yes,2023-01-31
6010,Yes,2023-03-23
9725,Yes,2023-07-31
9483,Yes,2023-07-11
6101,Yes,2023-04-26
7002,Yes,2023-08-25
1636,Yes,2024-01-12
1656,Yes,2024-03-07
6008,Yes,2023-02-10
8671,Yes,2023-06-02
1590,Yes,2024-03-11
6084,Yes,2023-05-06
7855,Yes,2023-12-01
4783,Yes,2023-11-24
1980,Yes,2023-06-17
3635,Yes,2024-01-04
7208,Yes,2023-08-22
2860,Yes,2023-06-11
3106,Yes,2024-03-30
5425,Yes,2023-08-14
5418,Yes,2023-09-26
4379,Yes,2023-08-03
5828,Yes,2023-04-18
1799,Yes,2023-08-08
5755,Yes,2023-01-19
2706,Yes,2023-10-08
3544,Yes,2023-08-10
4162,Yes,2023-11-11
3011,Yes,2023-10-17
9616,Yes,2023-07-26
4538,Yes,2024-03-24
9551,Yes,2023-08-06
4636,Yes,2023-08-25
1846,Yes,2023-08-25
8824,Yes,2023-04-18
8616,Yes,2023-06-27
9219,Yes,2023-04-30
4168,Yes,2023-08-29
2409,Yes,2023-07-23
2187,Yes,2023-05-28
1044,Yes,2023-10-18
4413,Yes,2023-08-31
5996,Yes,2023-03-14
5028,Yes,2023-10-05
1712,Yes,2024-02-08
9218,Yes,2023-05-29
9243,Yes,2023-06-25
6171,Yes,2023-12-16
7305,Yes,2024-01-01
4031,Yes,2023-08-11
5519,Yes,2023-10-14
5515,Yes,2023-07-08
1324,Yes,2023-06-26
7433,Yes,2023-09-17
6376,Yes,2023-09-26
2816,Yes,2023-07-01
4078,Yes,2024-01-19
5434,Yes,2023-06-25
1064,Yes,2023-10-02
6809,Yes,2023-07-19
2732,Yes,2023-12-14
1828,Yes,2023-09-14
2833,Yes,2023-01-28
6328,Yes,2023-06-14
3560,Yes,2023-10-23
8307,Yes,2023-11-22
3302,Yes,2023-06-13
6137,Yes,2023-03-04
4746,Yes,2024-04-05
3095,Yes,2023-02-20
3358,Yes,2023-10-04
3434,Yes,2023-07-20
8086,Yes,2023-09-10
6090,Yes,2023-07-27
5983,Yes,2023-06-25
1753,Yes,2023-05-06
5174,Yes,2024-02-18
9920,Yes,2023-10-25
1038,Yes,2023-06-15
2628,Yes,2023-10-04
7986,Yes,2023-10-04
2888,Yes,2023-10-26
4824,Yes,2023-12-02
3713,Yes,2023-12-23
1115,Yes,2023-12-13
6537,Yes,2023-06-17
3253,Yes,2023-03-09
4202,Yes,2024-02-03
8551,Yes,2023-08-21
1474,Yes,2023-10-04
6734,Yes,2023-11-06
6910,Yes,2023-05-17
9659,Yes,2023-10-13
8437,Yes,2023-07-11
6446,Yes,2024-02-11
7682,Yes,2023-09-30
7138,Yes,2023-08-18
3906,Yes,2023-06-04
9766,Yes,2023-06-03
2678,Yes,2023-03-10
6217,Yes,2023-09-17
2848,Yes,2023-05-17
7032,Yes,2023-06-16
9174,Yes,2023-10-03
5466,Yes,2023-08-27
1247,Yes,2023-04-06
3240,Yes,2023-05-11
3534,Yes,2023-08-28
6369,Yes,2023-05-09
5296,Yes,2023-12-27
4304,Yes,2023-03-02
1975,Yes,2023-08-16
9540,Yes,2023-02-21
5017,Yes,2023-05-01
1260,Yes,2023-07-06
8498,Yes,2023-06-28
2819,Yes,2023-04-09
2347,Yes,2023-09-01
5611,Yes,2023-06-02
3855,Yes,2023-07-05
7448,Yes,2023-08-24
5188,Yes,2024-02-21
3100,Yes,2023-10-11
1206,Yes,2024-01-24
7547,Yes,2024-02-06
7792,Yes,2023-05-04
7771,Yes,2023-03-09
4677,Yes,2024-02-01
3847,Yes,2023-03-05
1578,Yes,2023-09-23
4756,Yes,2024-01-14
2049,Yes,2023-04-23
2206,Yes,2023-12-29
5088,Yes,2024-01-23
9279,Yes,2023-06-11
2390,Yes,2023-11-10
5317,Yes,2023-11-19
1556,Yes,2023-12-31
5665,Yes,2023-04-17
3291,Yes,2024-04-09
3685,Yes,2023-09-08
5702,Yes,2023-05-27
7920,Yes,2024-01-08
1212,Yes,2023-11-08
4997,Yes,2023-09-14
3350,Yes,2023-06-12
5631,Yes,2024-02-27
7344,Yes,2023-02-17
6705,Yes,2023-06-28
4903,Yes,2024-01-26
8624,Yes,2024-01-05
9903,Yes,2024-02-02
4659,Yes,2023-05-16
6891,Yes,2023-11-09
3381,Yes,2023-12-05
5572,Yes,2023-05-09
3878,Yes,2023-07-27
9833,Yes,2024-03-02
3597,Yes,2023-05-26
3420,Yes,2023-04-10
7639,Yes,2023-09-27
7149,Yes,2023-12-10
2244,Yes,2023-07-30
4618,Yes,2023-12-29
1229,Yes,2023-05-28
6567,Yes,2023-03-16
9317,Yes,2023-10-28
3723,Yes,2024-01-06
3758,Yes,2023-04-16
3529,Yes,2023-11-10
9443,Yes,2023-04-24
1972,Yes,2023-06-28
5197,Yes,2023-06-29
4590,Yes,2023-06-04
6383,Yes,2023-07-28
3448,Yes,2023-05-16
6863,Yes,2023-06-04
9009,Yes,2023-08-02
7379,Yes,2024-01-18
2582,Yes,2024-01-08
9238,Yes,2023-08-15
2149,Yes,2024-02-10
2927,Yes,2023-08-26
9094,Yes,2023-04-16
4377,Yes,2024-03-05
8296,Yes,2023-11-04
9119,Yes,2024-02-29
6337,Yes,2023-09-07
8182,Yes,2023-05-31
7857,Yes,2023-06-02
8721,Yes,2023-09-18
9508,Yes,2023-06-26
6165,Yes,2023-05-11
4128,Yes,2023-03-21
7273,Yes,2023-06-06
8443,Yes,2023-03-28
8070,Yes,2023-01-24
5113,Yes,2024-01-27
9320,Yes,2024-01-03
4865,Yes,2024-01-03
6680,Yes,2023-07-24
5967,Yes,2023-05-06
5443,Yes,2023-07-15
1248,Yes,2023-09-29
2358,Yes,2023-12-25
3198,Yes,2023-05-08
4657,Yes,2024-01-07
3841,Yes,2023-06-02
6899,Yes,2023-05-17
5619,Yes,2023-07-18
5040,Yes,2023-06-01
7876,Yes,2023-08-30
6374,Yes,2023-04-14
8985,Yes,2023-09-06
3518,Yes,2023-07-04
7456,Yes,2023-10-20
8169,Yes,2024-01-10
7439,Yes,2023-04-08
4231,Yes,2023-10-08
3881,Yes,2023-04-30
7469,Yes,2024-03-25
4290,Yes,2023-12-10
2002,Yes,2023-01-29
3085,Yes,2023-05-14
8119,Yes,2023-07-16
6504,Yes,2024-01-19
6846,Yes,2023-05-31
6897,Yes,2023-05-30
8131,Yes,2023-07-08
4749,Yes,2023-08-01
3684,Yes,2023-11-17
7371,Yes,2023-04-13
7394,Yes,2023-04-22
4641,Yes,2023-04-08
6969,Yes,2023-11-01
7608,Yes,2023-06-02
8350,Yes,2023-05-06
6172,Yes,2023-12-16
4207,Yes,2023-03-13
3105,Yes,2023-08-06
8855,Yes,2024-01-07
9735,Yes,2023-04-24
1348,Yes,2023-09-25
2947,Yes,2023-07-28
9293,Yes,2023-03-15
4619,Yes,2023-09-03
8337,Yes,2023-09-04
3650,Yes,2024-01-10
8047,Yes,2023-11-02
1039,Yes,2023-08-23
4235,Yes,2024-03-28
4367,Yes,2023-07-12
3054,Yes,2023-05-15
4176,Yes,2023-03-28
2418,Yes,2024-02-28
3860,Yes,2023-04-04
9673,Yes,2023-04-12
7924,Yes,2024-01-14
8717,Yes,2023-07-08
1648,Yes,2023-10-27
6409,Yes,2023-08-06
5845,Yes,2024-01-28
3845,Yes,2023-02-11
7140,Yes,2023-01-26
3558,Yes,2023-10-20
1093,Yes,2023-05-17
4929,Yes,2024-01-31
8271,Yes,2023-05-05
8611,Yes,2023-04-29
5796,Yes,2023-08-08
6083,Yes,2023-11-09
2857,Yes,2024-04-05
5252,Yes,2023-05-09
3826,Yes,2023-06-17
2023,Yes,2023-05-21
7404,Yes,2023-05-24
4492,Yes,2023-08-13
6263,Yes,2023-08-02
1564,Yes,2023-07-15
7518,Yes,2023-09-23
8322,Yes,2023-05-11
7246,Yes,2023-11-02
3433,Yes,2024-03-15
2658,Yes,2023-03-17
1825,Yes,2023-07-21
8435,Yes,2023-09-11
4075,Yes,2023-12-24
4689,Yes,2023-03-13
4799,Yes,2023-03-24
3036,Yes,2023-12-25
9075,Yes,2024-02-17
5698,Yes,2023-07-16
1993,Yes,2023-08-20
1371,Yes,2023-08-02
8318,Yes,2023-04-23
1313,Yes,2023-05-21
8568,Yes,2023-05-22
8266,Yes,2023-03-28
2925,Yes,2024-01-06
8933,Yes,2023-03-26
6934,Yes,2023-10-10
4966,Yes,2024-01-13
7299,Yes,2023-07-03
5172,Yes,2023-07-04
8313,Yes,2023-05-06
2855,Yes,2023-11-18
1586,Yes,2024-01-05
6518,Yes,2023-09-08
8702,Yes,2023-04-06
7941,Yes,2023-07-28
4668,Yes,2023-09-05
8712,Yes,2023-08-16
3325,Yes,2023-04-12
3876,Yes,2023-08-10
5306,Yes,2023-09-24
1450,Yes,2023-09-27
3605,Yes,2024-01-01
7570,Yes,2023-06-10
4941,Yes,2024-03-29
2367,Yes,2023-06-14
4690,Yes,2023-01-24
2698,Yes,2023-10-04
7778,Yes,2023-04-30
7600,Yes,2023-05-02
6174,Yes,2024-01-30
5205,Yes,2024-01-26
5224,Yes,2023-08-29
9029,Yes,2023-12-05
1307,Yes,2023-02-14
3342,Yes,2023-08-24
2274,Yes,2023-12-04
2368,Yes,2023-07-12
7024,Yes,2023-06-27
7635,Yes,2023-07-25
4710,Yes,2023-08-21
7497,Yes,2023-07-03
5798,Yes,2023-06-28
7970,Yes,2023-04-01
6037,Yes,2023-04-28
7058,Yes,2023-02-25
6879,Yes,2023-11-27
4336,Yes,2023-10-13
5867,Yes,2024-01-31
6733,Yes,2023-09-15
1066,Yes,2023-02-10
7368,Yes,2023-05-25
1707,Yes,2023-04-03
9306,Yes,2023-11-17
9260,Yes,2023-10-24
5677,Yes,2023-05-23
9695,Yes,2023-03-19
2150,Yes,2023-07-21
3834,Yes,2023-05-17
6243,Yes,2023-08-27
8217,Yes,2023-07-31
6187,Yes,2023-04-17
8736,Yes,2023-11-27
3258,Yes,2023-04-17
6003,Yes,2024-02-23
1595,Yes,2023-06-12
1634,Yes,2023-04-18
6858,Yes,2024-02-18
9033,Yes,2023-08-17
9086,Yes,2024-03-08
5032,Yes,2023-11-03
2220,Yes,2023-06-07
9289,Yes,2023-06-09
6746,Yes,2023-09-15
5791,Yes,2023-08-17
3493,Yes,2023-02-26
1327,Yes,2023-04-01
9126,Yes,2023-06-10
2783,Yes,2023-09-04
5894,Yes,2023-09-11
6041,Yes,2023-12-18
9125,Yes,2023-05-30
6700,Yes,2023-10-17
7153,Yes,2023-10-14
9649,Yes,2023-06-11
1310,Yes,2023-04-16
1024,Yes,2023-08-28
2369,Yes,2023-11-15
4316,Yes,2023-04-01
5442,Yes,2023-12-21
8459,Yes,2023-02-06
8997,Yes,2023-05-01
3611,Yes,2023-08-06
7689,Yes,2023-01-11
1789,Yes,2023-07-06
3630,Yes,2023-03-03
8644,Yes,2023-11-21
6280,Yes,2023-09-25
3917,Yes,2023-02-02
3232,Yes,2023-04-24
6904,Yes,2023-06-06
2632,Yes,2023-06-03
6236,Yes,2023-12-20
8085,Yes,2023-12-22
8402,Yes,2023-03-10
4323,Yes,2023-09-24
7221,Yes,2023-12-22
5066,Yes,2023-11-06
7372,Yes,2023-05-25
1931,Yes,2024-01-16
4123,Yes,2023-09-24
9985,Yes,2023-08-16
9316,Yes,2024-01-17
2243,Yes,2023-02-19
9611,Yes,2023-03-27
3148,Yes,2023-09-22
3732,Yes,2024-03-17
1304,Yes,2023-03-22
1524,Yes,2023-11-11
1587,Yes,2023-06-25
4626,Yes,2023-09-19
4913,Yes,2023-04-13
3320,Yes,2023-10-27
5758,Yes,2024-01-30
2722,Yes,2023-10-01
1342,Yes,2023-05-15
8965,Yes,2023-06-06
2055,Yes,2023-03-19
9544,Yes,2023-04-19
3781,Yes,2023-06-08
2134,Yes,2023-10-04
2692,Yes,2023-06-23
8856,Yes,2023-06-17
3795,Yes,2024-02-11
2930,Yes,2023-11-28
4719,Yes,2023-12-06
8946,Yes,2023-05-16
6200,Yes,2023-07-03
1702,Yes,2023-03-05
8273,Yes,2023-09-04
8577,Yes,2024-01-03
5701,Yes,2024-01-24
7841,Yes,2023-08-25
1308,Yes,2024-02-13
1160,Yes,2023-02-11
3190,Yes,2023-08-22
5179,Yes,2023-10-15
4037,Yes,2023-05-06
9537,Yes,2023-07-02
9701,Yes,2023-07-28
5094,Yes,2024-02-14
9164,Yes,2023-12-26
3099,Yes,2023-08-15
1415,Yes,2023-09-06
5112,Yes,2023-07-01
1071,Yes,2023-10-19
1055,Yes,2023-02-19
8160,Yes,2023-10-19
2311,Yes,2023-08-10
7193,Yes,2023-12-31
8071,Yes,2023-08-26
5806,Yes,2023-07-02
5737,Yes,2023-03-27
4412,Yes,2023-09-27
7571,Yes,2023-10-08
2303,Yes,2024-02-24
4332,Yes,2023-10-26
9534,Yes,2023-10-27
5674,Yes,2023-03-31
6473,Yes,2023-10-31
1507,Yes,2023-03-21
4530,Yes,2023-09-20
8203,Yes,2024-01-24
7718,Yes,2023-05-22
5070,Yes,2024-01-26
3679,Yes,2023-12-05
1646,Yes,2023-08-08
5372,Yes,2023-12-11
2534,Yes,2023-09-20
3958,Yes,2023-08-16
1848,Yes,2023-04-08
9731,Yes,2023-07-03
4580,Yes,2024-02-22
3092,Yes,2023-04-26
6607,Yes,2023-09-13
7086,Yes,2024-03-02
9267,Yes,2023-01-16
6920,Yes,2023-04-26
9753,Yes,2023-12-27
4410,Yes,2023-11-26
5405,Yes,2023-12-08
5139,Yes,2023-06-04
9065,Yes,2023-04-21
5926,Yes,2023-08-11
3695,Yes,2023-11-23
2361,Yes,2023-07-03
4171,Yes,2023-07-14
6688,Yes,2023-10-11
2470,Yes,2023-02-19
7018,Yes,2023-12-22
2731,Yes,2023-02-13
4043,Yes,2023-02-03
3639,Yes,2023-08-17
4645,Yes,2023-09-21
1283,Yes,2023-12-19
9040,Yes,2023-04-08
3765,Yes,2023-11-02
8617,Yes,2023-08-02
8442,Yes,2023-09-15
9481,Yes,2023-09-18
3089,Yes,2023-05-14
5293,Yes,2023-08-07
1134,Yes,2023-08-01
5135,Yes,2023-05-22
5015,Yes,2023-05-13
1219,Yes,2023-08-23
3519,Yes,2023-06-11
8657,Yes,2023-12-23
7699,Yes,2023-11-03
3306,Yes,2023-03-22
1438,Yes,2023-04-26
8667,Yes,2023-08-19
2982,Yes,2023-12-31
1362,Yes,2024-03-27
3406,Yes,2023-02-19
7962,Yes,2023-08-11
9791,Yes,2023-04-09
6177,Yes,2023-12-22
6685,Yes,2023-05-28
1840,Yes,2023-08-11
1577,Yes,2023-10-30
6336,Yes,2023-04-18
1095,Yes,2023-02-25
4173,Yes,2023-09-11
5287,Yes,2023-10-23
2682,Yes,2023-03-13
6419,Yes,2023-04-11
3321,Yes,2023-07-19
8754,Yes,2023-08-29
5270,Yes,2023-09-21
1015,Yes,2023-05-27
2720,Yes,2024-02-09
3522,Yes,2023-06-21
3559,Yes,2023-06-02
4863,Yes,2023-05-12
5598,Yes,2023-07-20
1651,Yes,2023-06-21
3631,Yes,2023-03-15
1449,Yes,2023-06-13
7056,Yes,2023-03-29
6603,Yes,2023-07-14
1528,Yes,2023-09-24
7242,Yes,2023-05-16
7687,Yes,2023-11-07
6323,Yes,2023-04-04
2962,Yes,2023-06-09
8594,Yes,2023-05-15
5822,Yes,2023-09-03
2011,Yes,2023-03-01
8510,Yes,2023-02-08
7803,Yes,2023-05-02
4158,Yes,2023-04-16
8187,Yes,2023-02-11
2218,Yes,2023-08-28
8331,Yes,2023-07-26
4096,Yes,2023-04-09
6331,Yes,2023-12-16
8823,Yes,2024-01-19
6576,Yes,2024-03-05
7074,Yes,2023-07-22
4883,Yes,2023-05-01
9088,Yes,2023-07-03
8034,Yes,2023-09-03
3798,Yes,2023-08-17
4921,Yes,2023-11-02
9170,Yes,2024-02-22
3166,Yes,2023-12-14
9690,Yes,2023-05-20
5817,Yes,2023-12-29
8665,Yes,2023-05-29
2284,Yes,2023-07-15
7999,Yes,2023-10-18
6418,Yes,2023-11-03
9129,Yes,2023-06-05
1909,Yes,2023-07-07
8729,Yes,2023-05-15
9642,Yes,2023-03-02
2006,Yes,2023-01-11
4676,Yes,2023-11-01
7167,Yes,2023-07-28
7542,Yes,2023-09-04
4291,Yes,2024-02-21
3404,Yes,2023-04-22
5592,Yes,2023-07-30
3852,Yes,2023-04-17
8761,Yes,2024-01-12
3971,Yes,2023-09-18
3309,Yes,2023-02-16
5685,Yes,2023-07-24
1426,Yes,2023-03-17
6282,Yes,2024-02-16
8356,Yes,2024-01-22
6402,Yes,2023-04-24
7615,Yes,2023-05-20
3865,Yes,2023-12-04
2546,Yes,2023-09-04
5883,Yes,2023-11-05
4286,Yes,2024-01-11
6636,Yes,2023-07-18
2077,Yes,2024-01-07
6575,Yes,2023-03-26
1546,Yes,2024-02-07
9117,Yes,2023-06-23
2608,Yes,2023-09-26
9918,Yes,2023-06-11
2008,Yes,2023-11-18
4977,Yes,2023-09-02
2696,Yes,2023-06-29
5190,Yes,2023-11-12
7765,Yes,2024-03-02
9278,Yes,2023-05-12
2125,Yes,2023-12-01
6731,Yes,2023-07-24
2742,Yes,2023-04-11
3269,Yes,2023-09-23
8833,Yes,2023-10-03
8750,Yes,2024-01-03
7231,Yes,2023-06-15
6835,Yes,2023-07-11
7656,Yes,2023-11-13
7063,Yes,2023-04-18
7606,Yes,2023-11-19
4785,Yes,2023-04-17
9024,Yes,2023-05-06
9118,Yes,2023-08-25
4448,Yes,2023-11-16
5232,Yes,2023-10-09
3653,Yes,2023-08-18
3634,Yes,2024-01-16
9517,Yes,2023-12-26
1958,Yes,2023-01-31
9569,Yes,2024-03-03
8494,Yes,2023-10-26
3693,Yes,2023-04-20
2796,Yes,2024-03-16
5879,Yes,2023-10-21
5344,Yes,2023-12-16
7508,Yes,2023-11-16
8949,Yes,2023-04-06
3327,Yes,2023-10-03
1386,Yes,2023-12-01
1584,Yes,2023-10-09
9438,Yes,2023-04-01
3899,Yes,2023-11-02
8935,Yes,2023-09-09
2398,Yes,2023-04-22
7967,Yes,2023-08-23
2944,Yes,2024-01-15
7211,Yes,2023-06-25
2517,Yes,2023-10-09
6356,Yes,2024-02-06
5829,Yes,2023-05-18
8942,Yes,2023-07-31
7842,Yes,2023-05-18
4881,Yes,2023-10-28
8390,Yes,2023-11-21
8409,Yes,2024-01-03
7851,Yes,2023-05-25
9566,Yes,2024-02-14
8637,Yes,2023-05-02
2898,Yes,2023-09-18
4857,Yes,2023-06-26
3603,Yes,2023-05-14
6066,Yes,2023-08-03
9003,Yes,2023-06-09
2024,Yes,2023-06-11
1898,Yes,2023-06-18
7261,Yes,2023-04-29
1674,Yes,2023-08-08
4829,Yes,2024-01-24
2098,Yes,2023-11-09
8368,Yes,2023-07-20
3569,Yes,2023-10-28
4133,Yes,2023-09-30
6242,Yes,2024-01-05
7003,Yes,2024-01-01
9677,Yes,2024-03-27
8436,Yes,2023-12-20
3594,Yes,2024-01-29
1538,Yes,2023-12-27
5785,Yes,2023-09-12
7775,Yes,2024-01-30
7959,Yes,2023-04-22
7840,Yes,2023-06-14
7262,Yes,2023-05-23
4938,Yes,2023-06-01
6704,Yes,2023-08-15
5946,Yes,2023-05-25
3753,Yes,2023-05-29
7115,Yes,2024-01-09
7585,Yes,2023-10-10
6971,Yes,2023-09-06
1341,Yes,2024-01-08
7287,Yes,2023-05-21
9857,Yes,2024-01-15
3618,Yes,2023-04-29
9354,Yes,2023-08-29
4919,Yes,2023-12-27
4053,Yes,2024-01-14
8749,Yes,2023-12-15
8970,Yes,2024-04-07
3174,Yes,2023-05-03
1443,Yes,2024-02-02
1902,Yes,2023-05-09
7891,Yes,2023-05-16
2346,Yes,2023-09-05
1851,Yes,2024-01-23
1033,Yes,2023-06-21
2279,Yes,2023-05-25
2396,Yes,2023-06-27
5862,Yes,2023-04-04
1550,Yes,2023-08-18
4717,Yes,2023-03-16
3857,Yes,2023-12-06
5864,Yes,2023-08-12
7291,Yes,2023-09-16
6898,Yes,2023-11-14
5752,Yes,2023-04-20
2570,Yes,2023-11-08
9384,Yes,2023-03-19
8423,Yes,2023-03-26
4644,Yes,2023-12-30
7318,Yes,2023-05-15
7674,Yes,2023-10-02
4639,Yes,2023-02-08
8535,Yes,2023-08-22
3775,Yes,2023-11-11
7524,Yes,2023-04-14
3452,Yes,2023-11-19
3213,Yes,2023-07-22
3573,Yes,2023-04-09
5823,Yes,2024-02-02
3517,Yes,2023-09-29
9014,Yes,2024-01-06
8159,Yes,2023-11-30
6254,Yes,2023-08-27
3392,Yes,2023-11-06
4523,Yes,2023-05-29
4622,Yes,2024-02-13
6834,Yes,2023-06-16
8580,Yes,2023-12-03
2515,Yes,2023-09-16
5736,Yes,2023-03-06
2296,Yes,2024-01-08
5608,Yes,2023-04-19
9004,Yes,2023-10-18
5580,Yes,2023-04-09
1513,Yes,2024-01-31
6483,Yes,2023-05-29
2556,Yes,2023-08-11
5564,Yes,2023-12-02
5804,Yes,2024-01-10
9954,Yes,2023-02-19
3005,Yes,2023-12-22
5767,Yes,2023-10-29
5808,Yes,2023-04-08
8483,Yes,2023-07-22
6915,Yes,2023-05-03
8829,Yes,2023-12-07
6233,Yes,2023-05-18
2317,Yes,2023-09-23
7060,Yes,2023-06-24
2523,Yes,2023-11-20
9274,Yes,2023-12-01
8515,Yes,2024-01-16
8218,Yes,2024-01-31
4569,Yes,2023-05-10
1176,Yes,2023-11-08
9054,Yes,2023-10-24
4751,Yes,2024-04-28
4652,Yes,2023-02-28
4375,Yes,2023-08-29
7619,Yes,2024-01-23
2087,Yes,2024-02-27
2271,Yes,2023-05-18
5527,Yes,2023-03-13
2078,Yes,2023-11-20
6014,Yes,2023-08-11
6578,Yes,2023-07-27
9211,Yes,2023-11-01
5716,Yes,2023-08-22
4908,Yes,2023-09-13
8020,Yes,2023-08-16
7375,Yes,2023-08-05
9672,Yes,2023-08-22
4860,Yes,2024-03-05
5740,Yes,2023-08-26
6923,Yes,2023-07-21
7382,Yes,2023-07-15
1135,Yes,2023-07-15
8991,Yes,2023-03-29
8033,Yes,2023-12-29
9806,Yes,2023-08-02
1895,Yes,2023-05-23
4475,Yes,2024-01-09
4907,Yes,2023-08-28
2043,Yes,2023-06-16
3168,Yes,2023-03-26
9232,Yes,2023-08-07
7235,Yes,2024-02-12
4485,Yes,2023-06-17
2650,Yes,2024-03-22
7061,Yes,2024-01-30
7829,Yes,2023-08-15
1870,Yes,2024-01-24
9513,Yes,2023-04-15
1746,Yes,2023-08-20
2764,Yes,2023-04-11
4271,Yes,2023-09-27
4136,Yes,2023-10-12
5987,Yes,2023-11-10
1910,Yes,2023-05-26
7047,Yes,2023-06-21
4479,Yes,2023-07-07
9482,Yes,2023-09-17
5900,Yes,2023-08-10
2276,Yes,2024-01-27
6107,Yes,2024-01-14
8854,Yes,2023-03-06
7321,Yes,2024-01-17
1809,Yes,2023-08-18
4074,Yes,2023-08-15
7000,Yes,2023-10-11
9298,Yes,2024-04-15
7802,Yes,2023-02-11
2581,Yes,2023-09-20
3090,Yes,2023-10-16
3042,Yes,2023-12-12
1575,Yes,2023-09-23
3648,Yes,2023-04-23
8153,Yes,2023-04-04
4841,Yes,2023-11-24
4452,Yes,2023-03-30
8191,Yes,2024-01-02
9391,Yes,2024-01-27
1233,Yes,2023-08-11
5373,Yes,2023-03-04
4887,Yes,2023-04-09
2663,Yes,2023-09-09
1842,Yes,2023-06-02
1406,Yes,2023-09-25
9837,Yes,2023-03-26
7241,Yes,2023-05-21
6326,Yes,2024-03-29
4624,Yes,2024-01-08
9241,Yes,2023-03-12
9350,Yes,2023-04-22
1709,Yes,2023-12-23
3282,Yes,2023-09-14
6887,Yes,2023-06-17
1125,Yes,2023-03-01
1380,Yes,2024-03-02
9420,Yes,2024-02-12
7706,Yes,2023-03-16
6245,Yes,2023-10-16
2370,Yes,2023-04-11
1961,Yes,2023-07-26
1747,Yes,2023-09-22
9712,Yes,2024-03-07
3696,Yes,2023-03-24
6964,Yes,2023-07-28
7779,Yes,2023-11-01
1124,Yes,2023-11-27
2636,Yes,2023-11-30
7824,Yes,2023-12-07
3299,Yes,2023-06-11
4939,Yes,2023-11-26
2737,Yes,2023-09-15
4160,Yes,2023-05-27
8571,Yes,2024-03-30
1670,Yes,2023-02-11
2849,Yes,2023-12-21
6089,Yes,2023-06-12
5861,Yes,2023-08-26
1937,Yes,2023-02-08
3930,Yes,2023-11-22
9327,Yes,2024-01-22
5538,Yes,2023-10-28
8873,Yes,2023-04-20
9147,Yes,2023-03-29
2141,Yes,2023-10-31
3053,Yes,2024-01-08
2679,Yes,2023-05-14
6919,Yes,2023-11-05
2352,Yes,2023-05-17
8960,Yes,2023-10-02
9479,Yes,2023-05-06
2753,Yes,2023-07-20
1460,Yes,2023-05-30
4973,Yes,2023-12-21
3706,Yes,2023-05-31
9347,Yes,2023-07-18
8121,Yes,2023-05-31
2309,Yes,2023-03-12
8491,Yes,2023-05-03
2805,Yes,2023-10-09
7081,Yes,2023-11-30
4068,Yes,2023-08-26
9087,Yes,2023-12-17
2266,Yes,2023-02-27
3733,Yes,2023-08-21
9790,Yes,2023-04-14
9436,Yes,2024-01-24
5167,Yes,2023-08-08
2599,Yes,2024-02-01
4425,Yes,2023-05-01
6758,Yes,2023-03-29
4691,Yes,2023-11-01
9997,Yes,2023-06-24
7580,Yes,2023-07-09
8115,Yes,2024-01-01
6131,Yes,2023-11-06
6621,Yes,2023-11-16
4932,Yes,2023-06-16
9223,Yes,2024-02-10
4584,Yes,2023-05-05
3760,Yes,2023-11-13
5728,Yes,2023-05-08
1729,Yes,2023-09-19
7952,Yes,2023-02-18
8575,Yes,2024-02-08
8110,Yes,2023-02-26
1049,Yes,2023-08-13
4571,Yes,2023-06-10
2290,Yes,2023-10-12
6180,Yes,2023-08-09
1530,Yes,2023-05-16
4003,Yes,2023-04-09
9397,Yes,2023-08-23
5254,Yes,2023-12-01
2062,Yes,2023-08-15
5218,Yes,2023-07-23
4858,Yes,2023-10-20
7406,Yes,2023-10-07
4471,Yes,2023-08-29
8155,Yes,2023-05-08
3716,Yes,2023-04-20
6230,Yes,2023-08-20
1008,Yes,2023-07-21
6709,Yes,2024-01-08
1070,Yes,2023-10-05
9608,Yes,2023-01-24
8883,Yes,2024-03-05
1818,Yes,2023-08-15
2795,Yes,2023-11-21
5575,Yes,2023-09-09
6308,Yes,2023-08-26
8703,Yes,2023-07-17
2053,Yes,2023-07-02
6501,Yes,2024-02-06
1078,Yes,2023-10-03
6412,Yes,2024-03-22
5646,Yes,2023-05-01
2405,Yes,2023-02-02
7152,Yes,2023-06-12
6855,Yes,2023-04-15
9917,Yes,2023-05-06
7373,Yes,2023-08-26
6099,Yes,2023-06-30
8963,Yes,2024-03-07
6687,Yes,2023-08-28
3396,Yes,2024-01-24
6624,Yes,2023-06-29
1705,Yes,2023-05-10
7794,Yes,2023-06-23
6961,Yes,2023-04-17
3554,Yes,2024-02-16
2277,Yes,2023-03-25
3012,Yes,2023-05-27
3920,Yes,2023-06-21
2879,Yes,2023-04-27
9909,Yes,2023-04-07
4867,Yes,2023-04-09
5440,Yes,2023-07-21
2524,Yes,2023-11-07
3167,Yes,2023-10-15
4503,Yes,2024-01-02
1215,Yes,2023-08-12
7667,Yes,2023-09-10
8411,Yes,2024-02-21
9539,Yes,2024-04-15
3490,Yes,2023-07-02
8346,Yes,2023-04-29
4561,Yes,2023-05-02
7498,Yes,2023-02-06
9239,Yes,2023-05-11
6579,Yes,2023-12-16
1292,Yes,2023-11-30
8255,Yes,2023-10-21
6051,Yes,2023-04-17
2878,Yes,2023-04-10
6076,Yes,2023-06-09
7686,Yes,2023-05-14
9097,Yes,2024-01-05
3712,Yes,2023-10-30
9338,Yes,2023-03-29
9572,Yes,2023-11-20
9414,Yes,2023-03-03
5805,Yes,2023-10-17
3353,Yes,2023-07-10
4138,Yes,2023-07-01
4715,Yes,2023-11-07
5165,Yes,2023-06-14
1855,Yes,2023-12-30
6196,Yes,2023-08-27
2716,Yes,2023-05-22
3176,Yes,2023-09-24
2976,Yes,2023-09-01
4605,Yes,2023-04-29
9811,Yes,2023-05-08
8526,Yes,2023-06-24
8788,Yes,2023-10-25
7286,Yes,2023-08-10
5692,Yes,2023-10-31
7562,Yes,2023-07-29
4874,Yes,2024-01-26
6205,Yes,2023-10-20
9098,Yes,2023-12-31
7159,Yes,2023-08-26
2146,Yes,2023-03-22
7369,Yes,2023-08-21
4002,Yes,2023-08-24
2139,Yes,2023-01-21
8791,Yes,2023-03-16
3512,Yes,2023-08-28
6510,Yes,2023-04-27
8420,Yes,2023-08-11
9904,Yes,2023-08-18
9729,Yes,2023-05-18
3077,Yes,2023-09-08
9852,Yes,2023-12-22
9865,Yes,2024-03-24
9284,Yes,2023-08-29
4180,Yes,2023-11-06
7786,Yes,2024-02-12
7272,Yes,2023-08-04
5175,Yes,2023-12-13
4714,Yes,2023-08-03
8347,Yes,2023-06-15
8643,Yes,2024-01-07
3651,Yes,2023-05-21
6054,Yes,2023-11-22
4063,Yes,2024-02-21
6829,Yes,2023-01-31
7351,Yes,2023-10-13
9263,Yes,2023-08-01
8948,Yes,2024-01-25
3329,Yes,2024-01-20
1539,Yes,2023-07-19
3555,Yes,2024-03-06
1046,Yes,2023-10-05
1714,Yes,2023-11-02
9667,Yes,2023-05-20
8122,Yes,2023-03-05
7681,Yes,2023-12-31
7144,Yes,2023-07-06
6657,Yes,2023-07-16
7714,Yes,2024-01-09
9646,Yes,2023-11-19
4049,Yes,2023-09-20
5872,Yes,2023-09-07
1940,Yes,2023-06-19
5836,Yes,2024-01-30
4866,Yes,2023-09-17
2812,Yes,2023-11-05
9487,Yes,2024-02-06
3072,Yes,2024-02-15
4150,Yes,2023-08-13
8475,Yes,2023-10-01
1120,Yes,2024-01-29
3624,Yes,2023-07-21
4092,Yes,2023-10-08
7387,Yes,2023-05-25
5905,Yes,2023-04-24
2864,Yes,2023-12-26
5481,Yes,2023-05-10
7913,Yes,2023-09-21
2372,Yes,2023-08-18
5690,Yes,2023-09-26
9613,Yes,2023-11-14
9160,Yes,2023-09-27
9752,Yes,2024-02-23
6391,Yes,2023-04-29
3939,Yes,2023-12-17
7346,Yes,2023-04-30
3879,Yes,2023-09-28
9242,Yes,2023-03-31
2242,Yes,2023-12-07
7315,Yes,2023-02-10
9062,Yes,2023-06-18
6491,Yes,2023-12-20
7741,Yes,2023-11-16
4853,Yes,2023-12-24
2429,Yes,2024-02-20
9035,Yes,2023-06-16
8205,Yes,2023-06-12
2509,Yes,2023-12-20
2535,Yes,2023-06-01
7169,Yes,2023-09-26
9636,Yes,2024-02-06
3060,Yes,2023-05-13
9555,Yes,2023-02-08
4910,Yes,2023-07-15
6167,Yes,2023-09-05
4869,Yes,2023-08-26
4208,Yes,2023-07-18
3506,Yes,2023-12-25
8428,Yes,2024-02-17
8230,Yes,2023-11-12
9950,Yes,2023-03-05
1739,Yes,2023-05-28
1623,Yes,2024-01-31
1181,Yes,2023-04-06
5311,Yes,2023-02-09
6641,Yes,2023-06-06
5272,Yes,2024-02-11
4517,Yes,2023-10-03
6114,Yes,2023-04-29
2977,Yes,2023-08-23
8173,Yes,2024-01-23
5124,Yes,2023-08-23
3957,Yes,2024-01-10
7807,Yes,2023-10-06
1950,Yes,2023-06-28
5328,Yes,2024-02-24
3333,Yes,2024-03-04
8248,Yes,2023-03-16
8630,Yes,2023-10-07
2216,Yes,2024-03-12
6787,Yes,2023-11-17
9842,Yes,2023-04-12
8419,Yes,2023-03-07
9233,Yes,2023-05-01
3941,Yes,2024-01-17
8336,Yes,2023-11-15
6363,Yes,2024-01-04
1470,Yes,2023-05-13
4099,Yes,2023-09-26
9376,Yes,2023-10-30
9359,Yes,2023-12-28
3330,Yes,2023-11-24
5123,Yes,2024-01-10
7845,Yes,2023-11-03
6188,Yes,2024-02-15
7529,Yes,2023-06-15
1913,Yes,2023-10-05
4311,Yes,2023-04-14
7720,Yes,2023-09-04
9179,Yes,2023-11-02
2566,Yes,2023-10-30
8732,Yes,2023-05-01
4480,Yes,2023-07-31
1824,Yes,2023-10-20
6993,Yes,2023-05-10
9240,Yes,2023-05-31
9859,Yes,2023-07-21
3831,Yes,2023-12-15
2155,Yes,2023-11-04
7451,Yes,2024-03-28
6085,Yes,2023-07-09
1027,Yes,2023-06-19
8562,Yes,2023-12-16
5999,Yes,2023-06-13
7264,Yes,2023-06-15
7421,Yes,2023-07-24
9827,Yes,2023-12-04
5695,Yes,2024-02-22
6302,Yes,2023-05-13
3987,Yes,2023-11-30
4163,Yes,2023-10-30
6102,Yes,2024-01-19
1359,Yes,2023-12-29
9378,Yes,2023-09-14
9288,Yes,2023-06-04
7190,Yes,2024-03-02
8629,Yes,2023-06-05
8009,Yes,2023-07-15
3192,Yes,2023-05-27
9947,Yes,2023-12-23
8446,Yes,2024-01-19
4713,Yes,2023-10-23
7281,Yes,2023-02-28
8953,Yes,2024-02-05
3663,Yes,2023-06-20
7888,Yes,2024-02-04
2413,Yes,2023-06-03
1446,Yes,2023-10-13
3458,Yes,2023-10-12
4455,Yes,2023-09-20
3037,Yes,2023-06-28
6864,Yes,2024-02-16
5263,Yes,2023-06-11
8652,Yes,2024-01-22
2345,Yes,2023-11-04
5433,Yes,2023-05-30
4723,Yes,2023-05-13
2571,Yes,2024-02-13
3896,Yes,2023-05-14
2873,Yes,2023-11-13
1034,Yes,2023-08-23
1421,Yes,2024-01-20
1620,Yes,2023-11-07
4895,Yes,2023-08-07
9511,Yes,2023-04-23
8518,Yes,2024-02-28
2115,Yes,2023-03-06
7111,Yes,2023-05-15
8100,Yes,2023-09-13
7038,Yes,2023-09-13
4301,Yes,2023-03-15
7172,Yes,2024-01-21
7702,Yes,2023-08-09
4338,Yes,2023-06-24
7804,Yes,2023-04-23
2820,Yes,2023-12-30
5364,Yes,2023-03-18
9862,Yes,2023-10-27
9624,Yes,2024-01-02
2730,Yes,2024-03-23
6322,Yes,2023-05-03
2672,Yes,2023-02-17
7123,Yes,2023-08-24
2767,Yes,2023-09-29
7334,Yes,2023-04-21
1430,Yes,2023-04-08
4923,Yes,2023-03-21
5733,Yes,2023-07-04
3526,Yes,2023-05-11
6566,Yes,2023-07-25
6125,Yes,2023-07-21
4296,Yes,2023-07-20
4073,Yes,2023-07-30
6512,Yes,2023-09-27
1666,Yes,2024-01-13
7317,Yes,2023-09-14
9034,Yes,2023-10-22
9441,Yes,2023-03-18
4680,Yes,2023-11-24
1808,Yes,2024-02-02
1050,Yes,2023-11-26
8808,Yes,2024-02-05
8238,Yes,2023-03-12
5108,Yes,2023-05-16
2591,Yes,2024-03-03
8747,Yes,2023-05-29
3079,Yes,2023-12-06
3784,Yes,2023-09-01
8879,Yes,2024-01-12
6822,Yes,2023-05-22
6385,Yes,2023-06-22
4080,Yes,2023-11-17
4174,Yes,2023-03-14
2618,Yes,2024-01-24
1311,Yes,2023-04-08
9185,Yes,2023-06-28
9959,Yes,2023-02-14
1296,Yes,2023-08-06
1911,Yes,2023-11-29
4020,Yes,2023-08-29
5438,Yes,2024-02-26
8288,Yes,2023-07-06
5184,Yes,2023-05-10
5891,Yes,2023-03-12
3729,Yes,2024-02-28
3755,Yes,2024-01-21
1582,Yes,2023-04-08
2714,Yes,2024-04-26
2586,Yes,2024-02-15
1417,Yes,2024-01-22
7550,Yes,2023-04-12
6111,Yes,2023-12-10
9053,Yes,2023-06-20
7378,Yes,2024-01-26
2626,Yes,2023-09-18
4632,Yes,2024-02-07
7631,Yes,2023-06-22
5943,Yes,2023-10-30
4139,Yes,2023-10-22
6790,Yes,2024-04-06
5462,Yes,2024-02-09
3374,Yes,2023-08-14
6286,Yes,2023-10-11
4294,Yes,2023-02-28
5821,Yes,2023-12-18
6939,Yes,2023-05-26
7245,Yes,2023-03-13
5774,Yes,2023-03-14
9449,Yes,2023-11-14
8345,Yes,2023-04-03
4370,Yes,2023-05-25
7625,Yes,2023-07-08
8612,Yes,2023-12-20
4797,Yes,2023-12-12
3249,Yes,2023-10-06
6088,Yes,2023-08-16
5313,Yes,2023-09-21
4261,Yes,2023-08-16
2499,Yes,2024-01-05
4754,Yes,2023-10-16
1121,Yes,2023-07-01
9297,Yes,2024-01-11
3982,Yes,2023-11-04
6797,Yes,2023-07-26
9050,Yes,2024-01-22
1325,Yes,2023-10-18
8309,Yes,2024-02-09
8811,Yes,2024-01-27
8745,Yes,2023-12-29
8196,Yes,2023-10-07
6296,Yes,2023-12-22
4552,Yes,2023-06-06
1360,Yes,2023-06-05
7302,Yes,2023-01-16
7705,Yes,2023-10-16
4999,Yes,2024-01-01
2417,Yes,2024-02-08
1179,Yes,2024-01-18
8038,Yes,2023-10-19
1668,Yes,2024-02-23
6139,Yes,2023-09-16
9271,Yes,2023-11-03
8675,Yes,2023-09-04
3081,Yes,2023-07-20
9577,Yes,2023-03-02
2263,Yes,2023-09-06
8220,Yes,2023-10-03
2585,Yes,2024-01-17
3482,Yes,2023-12-17
2104,Yes,2023-10-18
4737,Yes,2023-09-12
3708,Yes,2023-02-18
4321,Yes,2023-10-12
8600,Yes,2023-06-09
3620,Yes,2024-02-07
8668,Yes,2023-04-30
7312,Yes,2023-12-29
3052,Yes,2024-03-19
7069,Yes,2023-08-26
4494,Yes,2024-01-05
9358,Yes,2023-09-25
6936,Yes,2023-04-13
4270,Yes,2023-04-09
3505,Yes,2023-09-07
7416,Yes,2023-10-01
3823,Yes,2023-08-10
6560,Yes,2023-02-26
5445,Yes,2023-11-01
8104,Yes,2023-06-18
1106,Yes,2023-05-05
9299,Yes,2023-09-19
7541,Yes,2023-06-20
2691,Yes,2023-05-09
2710,Yes,2023-06-26
8344,Yes,2023-10-04
3375,Yes,2023-07-18
5423,Yes,2023-02-16
5632,Yes,2023-09-22
4352,Yes,2023-12-18
4842,Yes,2023-10-30
3455,Yes,2023-07-28
1188,Yes,2024-02-29
5657,Yes,2023-12-11
7603,Yes,2023-07-19
4012,Yes,2024-04-11
3431,Yes,2023-04-03
2655,Yes,2023-06-19
3224,Yes,2023-01-21
2382,Yes,2023-12-19
5043,Yes,2023-05-27
4424,Yes,2023-09-30
7233,Yes,2023-06-30
3068,Yes,2023-09-03
3139,Yes,2023-11-16
1995,Yes,2023-12-26
5189,Yes,2023-09-20
2064,Yes,2024-01-14
4650,Yes,2024-03-12
6584,Yes,2023-09-28
5211,Yes,2023-09-03
2423,Yes,2024-01-30
5848,Yes,2023-05-22
9294,Yes,2024-03-19
8111,Yes,2023-05-31
8775,Yes,2023-03-19
9245,Yes,2023-01-20
9810,Yes,2023-02-23
9093,Yes,2023-05-02
3322,Yes,2023-06-08
7752,Yes,2023-12-20
6573,Yes,2023-12-31
8918,Yes,2024-03-28
7827,Yes,2023-04-20
1099,Yes,2023-11-07
8511,Yes,2023-05-25
5542,Yes,2023-03-05
7737,Yes,2023-07-30
6462,Yes,2023-10-08
1042,Yes,2023-12-23
1820,Yes,2023-04-02
4700,Yes,2023-02-19
4974,Yes,2023-07-10
1692,Yes,2023-07-14
5331,Yes,2023-07-12
4804,Yes,2023-05-15
9836,Yes,2023-02-27
2965,Yes,2023-09-25
1146,Yes,2024-02-11
7015,Yes,2023-09-15
7072,Yes,2024-02-01
1650,Yes,2024-01-25
8414,Yes,2023-06-03
1522,Yes,2023-05-04
3379,Yes,2023-09-19
2086,Yes,2024-01-29
4233,Yes,2023-05-07
8310,Yes,2023-12-14
9379,Yes,2023-10-05
5621,Yes,2024-02-29
1780,Yes,2024-02-22
7944,Yes,2024-01-31
6788,Yes,2023-12-29
6741,Yes,2023-05-14
4365,Yes,2024-02-08
8981,Yes,2023-12-30
7831,Yes,2023-10-10
7939,Yes,2023-10-14
2960,Yes,2023-06-15
3040,Yes,2023-10-10
6016,Yes,2023-12-31
7897,Yes,2023-11-23
2197,Yes,2023-08-12
1276,Yes,2023-09-14
3134,Yes,2023-07-31
5917,Yes,2024-02-13
7878,Yes,2023-11-04
6776,Yes,2023-08-06
2643,Yes,2023-08-16
6676,Yes,2023-03-20
1284,Yes,2023-10-06
3727,Yes,2023-08-21
2310,Yes,2023-04-16
4942,Yes,2023-08-27
4725,Yes,2023-06-22
4761,Yes,2023-08-12
6416,Yes,2023-02-01
1552,Yes,2023-10-24
7293,Yes,2024-01-21
2629,Yes,2023-11-08
4739,Yes,2023-04-04
7054,Yes,2023-05-14
9863,Yes,2023-11-20
1087,Yes,2023-12-20
3562,Yes,2024-04-16
3239,Yes,2023-04-01
8756,Yes,2023-03-12
3366,Yes,2023-12-20
2703,Yes,2023-10-14
3424,Yes,2024-01-16
2162,Yes,2023-06-05
8383,Yes,2023-11-28
5476,Yes,2023-05-30
1016,Yes,2023-06-03
7449,Yes,2023-01-18
4634,Yes,2023-08-02
3954,Yes,2023-04-04
8250,Yes,2023-07-13
8769,Yes,2023-06-26
8392,Yes,2023-09-30
5573,Yes,2023-02-16
2131,Yes,2024-01-23
5457,Yes,2023-08-16
3310,Yes,2023-11-30
6940,Yes,2023-09-22
1294,Yes,2023-04-30
3242,Yes,2023-05-09
6998,Yes,2023-09-03
3214,Yes,2023-12-01
5129,Yes,2023-12-20
5681,Yes,2023-03-23
8299,Yes,2023-05-06
5587,Yes,2024-01-03
9965,Yes,2023-07-25
6783,Yes,2023-06-11
3377,Yes,2023-11-30
4817,Yes,2023-09-23
1012,Yes,2023-10-07
2159,Yes,2024-01-10
3479,Yes,2023-03-30
5016,Yes,2023-12-03
3642,Yes,2023-11-18
2548,Yes,2024-01-31
7991,Yes,2023-08-16
5235,Yes,2023-08-05
2362,Yes,2023-05-21
3664,Yes,2024-02-02
9933,Yes,2023-05-02
3150,Yes,2023-07-18
7616,Yes,2023-04-29
7154,Yes,2023-03-14
3622,Yes,2023-02-25
5049,Yes,2023-05-20
1798,Yes,2023-06-14
3643,Yes,2023-11-30
8092,Yes,2023-04-10
8298,Yes,2023-08-26
2443,Yes,2023-04-23
7328,Yes,2023-06-11
6925,Yes,2023-12-24
9699,Yes,2023-04-02
1309,Yes,2023-04-25
8150,Yes,2023-11-05
5502,Yes,2023-11-08
7163,Yes,2023-06-09
9390,Yes,2024-02-04
6097,Yes,2023-11-16
4768,Yes,2023-03-18
5794,Yes,2024-01-26
7852,Yes,2024-01-11
9858,Yes,2024-03-18
6737,Yes,2023-08-17
4834,Yes,2023-11-30
2892,Yes,2023-08-01
2670,Yes,2023-08-05
8755,Yes,2023-12-22
1496,Yes,2023-04-12
6346,Yes,2023-10-03
7170,Yes,2023-05-26
8627,Yes,2023-02-09
5961,Yes,2023-07-28
2160,Yes,2023-04-20
6468,Yes,2023-06-09
9543,Yes,2023-06-11
5044,Yes,2023-12-26
3301,Yes,2023-12-22
8421,Yes,2023-10-24
1457,Yes,2023-05-02
2430,Yes,2023-03-03
3686,Yes,2023-07-15
8242,Yes,2023-08-25
3616,Yes,2024-02-20
4177,Yes,2023-06-01
7634,Yes,2023-10-26
6956,Yes,2023-08-27
7604,Yes,2023-08-11
5583,Yes,2023-04-22
5431,Yes,2023-12-20
4504,Yes,2023-10-29
8851,Yes,2023-10-03
8375,Yes,2023-12-14
3323,Yes,2024-01-15
3351,Yes,2024-01-30
6549,Yes,2024-04-06
5815,Yes,2024-01-30
5241,Yes,2023-09-25
6005,Yes,2023-05-22
3992,Yes,2023-01-28
3901,Yes,2024-01-20
8846,Yes,2023-12-15
5160,Yes,2023-10-23
2046,Yes,2024-03-02
1742,Yes,2023-06-08
7157,Yes,2023-08-12
8074,Yes,2023-05-08
4308,Yes,2023-03-26
6203,Yes,2023-04-14
4159,Yes,2023-03-02
7260,Yes,2023-05-10
8480,Yes,2024-01-03
7385,Yes,2024-01-16
3556,Yes,2023-05-11
5639,Yes,2023-08-12
7141,Yes,2024-02-13
7620,Yes,2023-05-25
2189,Yes,2023-04-20
1117,Yes,2023-05-08
1467,Yes,2023-07-16
5115,Yes,2023-08-01
8977,Yes,2023-10-10
8357,Yes,2024-02-14
3676,Yes,2023-10-13
6253,Yes,2023-10-26
2022,Yes,2024-01-28
1493,Yes,2024-03-13
5643,Yes,2023-07-05
9504,Yes,2023-11-05
5382,Yes,2024-01-29
3462,Yes,2023-07-11
8407,Yes,2023-06-19
6118,Yes,2024-04-13
8464,Yes,2023-12-23
1541,Yes,2023-04-23
9585,Yes,2024-01-04
3270,Yes,2024-03-01
1919,Yes,2023-09-24
2380,Yes,2024-01-23
8466,Yes,2023-12-24
2066,Yes,2023-04-27
1768,Yes,2023-06-22
1566,Yes,2023-09-29
4835,Yes,2023-07-02
2544,Yes,2023-11-18
3163,Yes,2024-01-06
8784,Yes,2023-10-22
3082,Yes,2023-08-18
3777,Yes,2023-06-25
9201,Yes,2023-10-05
8694,Yes,2023-09-23
5289,Yes,2023-09-11
5120,Yes,2023-11-02
3994,Yes,2024-02-02
9838,Yes,2023-06-24
9448,Yes,2023-08-23
6135,Yes,2023-12-14
5133,Yes,2023-03-31
9137,Yes,2023-06-11
3541,Yes,2023-09-16
6667,Yes,2023-07-10
5686,Yes,2023-04-05
9603,Yes,2023-03-24
4573,Yes,2023-06-07
4819,Yes,2024-01-07
9913,Yes,2023-07-07
9478,Yes,2023-07-17
8589,Yes,2023-09-14
4514,Yes,2024-01-22
8042,Yes,2023-03-21
8995,Yes,2023-02-16
2214,Yes,2023-03-25
5141,Yes,2023-09-20
5923,Yes,2023-11-20
3986,Yes,2023-10-24
4104,Yes,2023-06-25
2171,Yes,2023-07-13
6586,Yes,2023-04-26
1110,Yes,2023-03-01
5851,Yes,2023-08-22
4705,Yes,2023-09-16
9536,Yes,2023-09-17
9067,Yes,2024-02-11
9439,Yes,2023-12-27
6032,Yes,2023-07-17
2505,Yes,2023-12-03
6618,Yes,2023-04-22
6643,Yes,2023-04-23
4040,Yes,2023-03-13
1499,Yes,2024-01-14
5841,Yes,2023-12-10
9768,Yes,2023-07-26
4815,Yes,2023-09-14
2406,Yes,2023-07-19
7574,Yes,2023-04-09
6867,Yes,2023-12-17
3335,Yes,2024-04-04
7621,Yes,2023-09-16
8804,Yes,2023-12-02
4736,Yes,2024-01-02
5275,Yes,2023-06-15
6625,Yes,2023-09-14
8384,Yes,2023-12-09
9921,Yes,2023-01-08
2821,Yes,2024-01-12
5745,Yes,2023-08-14
7020,Yes,2023-07-06
6968,Yes,2024-01-11
9500,Yes,2023-02-01
3261,Yes,2023-12-06
5285,Yes,2023-03-22
4800,Yes,2023-06-09
8681,Yes,2023-07-27
2940,Yes,2024-01-09
7166,Yes,2023-10-14
3748,Yes,2023-10-01
8065,Yes,2023-02-11
2101,Yes,2023-06-07
5761,Yes,2023-08-26
4454,Yes,2023-10-31
5078,Yes,2023-10-06
3584,Yes,2024-01-09
2713,Yes,2023-09-25
7940,Yes,2023-09-28
5653,Yes,2024-04-09
5907,Yes,2024-01-28
1628,Yes,2023-06-12
7856,Yes,2023-05-12
9124,Yes,2023-09-10
2468,Yes,2023-04-22
9091,Yes,2023-04-05
1624,Yes,2023-12-26
5283,Yes,2023-07-12
4011,Yes,2023-06-14
8509,Yes,2024-01-04
4755,Yes,2023-08-30
7237,Yes,2024-02-09
9770,Yes,2023-10-05
4586,Yes,2023-05-03
7278,Yes,2024-01-24
2192,Yes,2023-11-24
4001,Yes,2024-01-10
7512,Yes,2023-08-15
7432,Yes,2023-03-27
8578,Yes,2023-10-02
7587,Yes,2023-05-30
7815,Yes,2024-01-17
1785,Yes,2024-01-04
7650,Yes,2023-12-10
2501,Yes,2023-05-30
6723,Yes,2023-05-07
5430,Yes,2023-12-07
1529,Yes,2023-10-04
8405,Yes,2023-09-01
8471,Yes,2023-10-08
1312,Yes,2023-04-01
5193,Yes,2023-05-28
1214,Yes,2023-08-25
3388,Yes,2023-06-29
7549,Yes,2023-06-22
8874,Yes,2023-03-21
5913,Yes,2023-11-06
7268,Yes,2023-10-16
1985,Yes,2023-12-03
6506,Yes,2023-12-03
2099,Yes,2023-08-18
3656,Yes,2023-07-13
8573,Yes,2024-02-11
9498,Yes,2023-09-18
6650,Yes,2023-09-06
9844,Yes,2023-06-19
7048,Yes,2023-07-26
5031,Yes,2023-04-15
8199,Yes,2023-06-24
8609,Yes,2023-11-20
6673,Yes,2023-06-29
2719,Yes,2023-06-26
2868,Yes,2023-08-18
5420,Yes,2024-03-04
1232,Yes,2023-09-13
3288,Yes,2023-09-12
7239,Yes,2023-04-30
7532,Yes,2023-10-07
8389,Yes,2024-02-20
3211,Yes,2023-10-06
7764,Yes,2024-01-17
3846,Yes,2023-12-13
7150,Yes,2023-08-07
7436,Yes,2024-01-27
7877,Yes,2023-11-03
2452,Yes,2024-02-25
1475,Yes,2023-08-21
1194,Yes,2023-08-08
6892,Yes,2023-11-18
9979,Yes,2023-08-31
4727,Yes,2023-08-24
4752,Yes,2023-11-01
5348,Yes,2023-09-09
6847,Yes,2023-06-25
3859,Yes,2023-08-20
8913,Yes,2023-11-30
2800,Yes,2024-04-08
3502,Yes,2023-05-09
7419,Yes,2023-06-17
2778,Yes,2023-11-12
3428,Yes,2023-05-15
5642,Yes,2023-08-03
4795,Yes,2024-01-22
8502,Yes,2023-04-09
2489,Yes,2023-05-16
1320,Yes,2024-02-21
6486,Yes,2023-06-16
2422,Yes,2023-07-11
2640,Yes,2023-03-30
1077,Yes,2023-03-04
3259,Yes,2024-02-26
7905,Yes,2023-10-06
6338,Yes,2023-07-15
3130,Yes,2023-03-24
9584,Yes,2023-08-20
4116,Yes,2023-05-15
4247,Yes,2023-03-12
4010,Yes,2024-01-15
6038,Yes,2023-03-12
3628,Yes,2023-03-18
6970,Yes,2023-04-22
7139,Yes,2023-07-18
9251,Yes,2023-08-20
4469,Yes,2024-02-04
5552,Yes,2023-03-30
3140,Yes,2023-06-01
6185,Yes,2023-11-20
1723,Yes,2024-03-12
8943,Yes,2023-04-15
6329,Yes,2023-06-03
7740,Yes,2024-03-16
9960,Yes,2023-04-20
4437,Yes,2023-10-03
5194,Yes,2023-07-16
1804,Yes,2023-12-26
8181,Yes,2023-07-29
8567,Yes,2023-11-18
7085,Yes,2024-01-30
9372,Yes,2024-01-11
5048,Yes,2023-08-21
8003,Yes,2023-05-31
4459,Yes,2023-06-03
1112,Yes,2023-08-07
7500,Yes,2023-05-16
2223,Yes,2023-04-28
5990,Yes,2023-05-31
5584,Yes,2023-08-06
3152,Yes,2023-08-29
3478,Yes,2023-07-19
5369,Yes,2024-01-16
9329,Yes,2023-12-05
3633,Yes,2023-02-28
9133,Yes,2023-12-10
7819,Yes,2024-03-07
9225,Yes,2023-08-07
3817,Yes,2023-04-22
7403,Yes,2023-04-16
5979,Yes,2023-10-21
8450,Yes,2023-11-27
5647,Yes,2024-01-18
6046,Yes,2023-10-20
2907,Yes,2023-07-05
6551,Yes,2023-09-30
3525,Yes,2023-04-12
9601,Yes,2023-06-16
3189,Yes,2024-01-08
7883,Yes,2023-08-14
9565,Yes,2023-05-13
6403,Yes,2023-12-24
6129,Yes,2023-06-07
1242,Yes,2023-03-22
3504,Yes,2024-01-01
2699,Yes,2023-12-17
6749,Yes,2023-09-02
8980,Yes,2023-10-24
2842,Yes,2023-05-09
2056,Yes,2023-10-11
6460,Yes,2023-10-16
3752,Yes,2023-05-16
8489,Yes,2023-09-14
4607,Yes,2024-01-02
5249,Yes,2023-04-02
6300,Yes,2023-05-03
2157,Yes,2023-08-15
5531,Yes,2024-01-11
2133,Yes,2023-04-05
4013,Yes,2023-03-21
3572,Yes,2024-01-20
5161,Yes,2023-07-15
1869,Yes,2023-02-13
4320,Yes,2023-03-29
5390,Yes,2024-03-30
2884,Yes,2024-02-14
6912,Yes,2023-09-11
1388,Yes,2023-05-27
1067,Yes,2024-02-05
4758,Yes,2023-01-29
3228,Yes,2023-06-07
4440,Yes,2023-01-15
8959,Yes,2023-08-01
1996,Yes,2023-09-25
1444,Yes,2023-11-04
3966,Yes,2023-10-04
1775,Yes,2023-03-19
5250,Yes,2023-10-03
4117,Yes,2023-11-20
4295,Yes,2023-06-11
3791,Yes,2023-11-17
7557,Yes,2023-06-01
7179,Yes,2023-03-09
2349,Yes,2023-10-17
8013,Yes,2023-04-26
7843,Yes,2023-10-23
7943,Yes,2023-10-15
5119,Yes,2024-01-15
9353,Yes,2024-03-12
7729,Yes,2023-12-15
2843,Yes,2023-08-26
4811,Yes,2024-01-24
4166,Yes,2023-09-24
1328,Yes,2023-08-19
9196,Yes,2023-11-15
6043,Yes,2023-12-12
2667,Yes,2023-08-24
5779,Yes,2023-10-08
3441,Yes,2023-06-16
8284,Yes,2023-12-16
4292,Yes,2023-03-22
9590,Yes,2023-04-24
4026,Yes,2023-07-25
3889,Yes,2023-08-13
8184,Yes,2023-07-08
6959,Yes,2023-12-08
7001,Yes,2024-01-26
4948,Yes,2023-04-19
8198,Yes,2023-06-09
4194,Yes,2023-12-20
2677,Yes,2024-03-22
2779,Yes,2023-11-06
6377,Yes,2023-10-29
2673,Yes,2024-02-02
8565,Yes,2023-08-17
5759,Yes,2024-01-17
1597,Yes,2023-08-30
5633,Yes,2023-09-29
9430,Yes,2023-05-30
7481,Yes,2023-06-21
3446,Yes,2023-09-23
3440,Yes,2023-06-23
7435,Yes,2023-06-13
1410,Yes,2024-04-08
6633,Yes,2023-07-21
4442,Yes,2023-08-02
8270,Yes,2023-11-15
2701,Yes,2023-04-10
5807,Yes,2024-02-29
5422,Yes,2023-12-09
8603,Yes,2023-07-02
7017,Yes,2023-04-03
1580,Yes,2023-07-05
5706,Yes,2023-05-12
4729,Yes,2023-05-02
6628,Yes,2023-01-18
9778,Yes,2023-09-19
2980,Yes,2023-12-08
5010,Yes,2023-11-12
7613,Yes,2023-12-18
2639,Yes,2023-10-25
7576,Yes,2024-01-12
7768,Yes,2023-08-26
1293,Yes,2024-02-24
9394,Yes,2024-02-15
7357,Yes,2023-10-17
3608,Yes,2023-09-26
6360,Yes,2023-06-23
8582,Yes,2023-05-13
8406,Yes,2024-02-05
2050,Yes,2023-05-05
9934,Yes,2023-02-23
4113,Yes,2023-09-19
8226,Yes,2023-08-28
3491,Yes,2023-08-03
6044,Yes,2023-05-04
2603,Yes,2023-08-08
1267,Yes,2023-06-23
7880,Yes,2023-04-05
1059,Yes,2024-01-10
1555,Yes,2023-03-25
8222,Yes,2023-07-10
5342,Yes,2024-01-13
5226,Yes,2023-04-03
6461,Yes,2023-06-24
9682,Yes,2023-09-10
9869,Yes,2023-07-23
3128,Yes,2023-08-11
3088,Yes,2023-08-15
4453,Yes,2023-12-14
7977,Yes,2024-02-23
2440,Yes,2023-07-25
1043,Yes,2023-11-27
3866,Yes,2023-07-22
6004,Yes,2023-05-10
6018,Yes,2023-10-31
7901,Yes,2023-04-28
2472,Yes,2023-11-29
2749,Yes,2023-11-18
7930,Yes,2023-08-10
5096,Yes,2023-05-14
2718,Yes,2024-03-27
4209,Yes,2023-12-30
4293,Yes,2024-01-10
8802,Yes,2023-07-29
6289,Yes,2023-11-14
5332,Yes,2023-05-21
5371,Yes,2023-11-30
9099,Yes,2023-03-27
6192,Yes,2023-11-10
8867,Yes,2023-07-29
9440,Yes,2023-11-08
9984,Yes,2023-11-09
2424,Yes,2024-03-03
1759,Yes,2023-06-25
5616,Yes,2023-11-23
1162,Yes,2024-01-03
3836,Yes,2023-02-17
9788,Yes,2024-01-04
1685,Yes,2024-02-25
8052,Yes,2023-07-19
8447,Yes,2023-06-08
1569,Yes,2024-01-03
5319,Yes,2023-01-25
7040,Yes,2024-01-08
3813,Yes,2023-04-16
1853,Yes,2023-08-03
9650,Yes,2024-01-19
8595,Yes,2023-04-10
4100,Yes,2023-05-22
7739,Yes,2023-12-11
6182,Yes,2024-02-21
2179,Yes,2023-07-30
6802,Yes,2023-10-04
1396,Yes,2023-09-01
3757,Yes,2023-08-14
5957,Yes,2023-08-01
5782,Yes,2023-04-25
5951,Yes,2023-09-12